authors;institution;pages;year;date
Rodrigo Gasparoni Santos;Instituto de Informática - UFRGS;18;2008;2008-08-28 17:40:19
Nina Edelweiss;Instituto de Informática - UFRGS;18;2008;2008-08-28 17:40:19
Renata de Matos Galante;Instituto de Informática - UFRGS;18;2008;2008-08-28 17:40:19
Dárlinton B. F. Carvalho;Departamento de Informática, Pontifícia Universidade Católica do Rio de Janeiro;13;2008;2008-08-29 11:43:20
Carlos José P. de Lucena;Departamento de Informática, Pontifícia Universidade Católica do Rio de Janeiro;13;2008;2008-08-29 11:43:20
Celso Carneiro Ribeiro;Instituto de Computação, Universidade Federal Fluminense;13;2008;2008-08-29 11:43:20
Ana Carolina Lorena;Centro de Matemática, Computação e Cognição, Universidade Federal do ABC;24;2008;2008-08-31 12:17:31
André C. P. L. F. de Carvalho;Departamento de Ciências de Computação, Instituto de Ciências Matemáticas e de Computação, USP;24;2008;2008-08-31 12:17:31
Lucas Brusamarello;Instituto de Informática, UFRGS;20;2008;2008-08-31 14:42:32
Roberto da Silva;Instituto de Informática, UFRGS;20;2008;2008-08-31 14:42:32
Gilson I. Wirth;Universidade Estadual do Rio Grande do Sul - UERGS;20;2008;2008-08-31 14:42:32
Ricardo da Luz Reis;Instituto de Informática, UFRGS;20;2008;2008-08-31 14:42:32
Felipe Mancini;Departamento de Informática em Saúde (DIS), Universidade Federal de São Paulo (UNIFESP);16;2008;2008-08-31 14:57:56
Liu Chiao Yi;Departamento de Otorrinolaringologia Pediátrica e Cirurgia de Cabeça e Pescoço, Universidade Federal de São Paulo (UNIFESP);16;2008;2008-08-31 14:57:56
Shirley Shizue Nagata Pignatari;Departamento de Otorrinolaringologia Pediátrica e Cirurgia de Cabeça e Pescoço, Universidade Federal de São Paulo (UNIFESP);16;2008;2008-08-31 14:57:56
Antonio Carlos Roque;Departamento de Física e Matemática (DFM), Faculdade de Filosofia, Ciências e Letras de Ribeirão Preto (FFCLRP), Universidade de São Paulo (USP);16;2008;2008-08-31 14:57:56
Ivan Torres Pisa;Departamento de Informática em Saúde (DIS), Universidade Federal de São Paulo (UNIFESP);16;2008;2008-08-31 14:57:56
Roberta A. A. Fagundes;Universidade Federal de Pernambuco, Centro de Informática;23;2008;2008-08-31 15:08:27
Paulo R. M. Maciel;Universidade Federal de Pernambuco, Centro de Informática;23;2008;2008-08-31 15:08:27
Nelson S. Rosa;Universidade Federal de Pernambuco, Centro de Informática;23;2008;2008-08-31 15:08:27
Jerônimo Pellegrini;Instituto de Computação, Unicamp;46;2008;2008-08-31 15:18:00
Jacques Wainer;Instituto de Computação, Unicamp;46;2008;2008-08-31 15:18:00
João Porto de Albuquerque;Department Informatics, Universität Hamburg;16;2008;2008-08-31 15:24:27
Henrique Luiz Cukierman;PESC/COPPE/UFRJ;20;2008;2008-08-31 15:31:37
Cássio Teixeira;PESC/COPPE/UFRJ;20;2008;2008-08-31 15:31:37
Rafael Prikladnicki;PESC/COPPE/UFRJ e FACIN/PUCRS;20;2008;2008-08-31 15:31:37
Luciano Silva;Departamento de Informática, UFPR;22;2008;2008-09-03 20:16:12
Olga R. P. Bellon;Departamento de Informática, UFPR;22;2008;2008-09-03 20:16:12
Kim L. Boyer;2Department of Electrical and Computer Engineering, OSU;22;2008;2008-09-03 20:16:12
Luis C. Lamb;Instituto de Informática, UFRGS;1;2008;2008-09-04 22:10:19
José Palazzo Moreira de Oliveira;Instituto de Informática, UFRGS;1;2008;2008-09-04 22:10:19
Lizandro Z. Granville;Instituto de Informática, UFRGS;1;2008;2008-09-04 22:10:19
José Palazzo Moreira de Oliveira;Instituto de Informática, UFRGS;3;2008;2008-09-17 18:07:26
Gladimir V. G. Baranoski;Natural Phenomena Simulation Group, School of Computer Science, University of Waterloo;29;2008;2008-09-18 18:04:15
Aravind Krishnaswamy;Natural Phenomena Simulation Group, School of Computer Science, University of Waterloo;29;2008;2008-09-18 18:04:15
Siome Klein Goldenstein;1Instituto de Computação, UNICAMP;29;2008;2008-09-18 23:30:33
Rafael Santos;Divisão de Sensoriamento Remoto – Instituto de Estudos Avançados – Centro Técnico Aeroespacial;31;2008;2008-09-18 23:35:17
Jörn Loviscach;1Fachbereich Elektrotechnik und Informatik, Hochschule Bremen, BRemen;39;2008;2008-09-18 23:40:07
José Palazzo Moreira de Oliveira;Instituto de Informática, UFRGS;3;2008;2008-09-20 20:32:02
Luis C. Lamb;Instituto de Informática, UFRGS;3;2008;2008-09-20 20:32:02
André Dantas Rocha;Instituto de Ciências Matemáticas e de Computação – ICMC/USP;11;2008;2008-09-20 20:44:41
Valter Vieira de Camargo;Instituto de Ciências Matemáticas e de Computação – ICMC/USP;11;2008;2008-09-20 20:44:41
Paulo César Masiero;Instituto de Ciências Matemáticas e de Computação – ICMC/USP;11;2008;2008-09-20 20:44:41
Carlos A. R. Andrade;Centro de Informática, UFPE;11;2008;2008-09-20 20:52:03
André L. M. Santos;Centro de Informática, UFPE;11;2008;2008-09-20 20:52:03
Paulo H. M. Borba;Centro de Informática, UFPE;11;2008;2008-09-20 20:52:03
Silvio Antonio Carro;Faculdade de Informática, UNOESTE, Presidente Prudente/SP, Brasil;15;2008;2008-09-20 21:00:09
Jacob Scharcanski;Instituto de Informática, UFRGS, Porto Alegre, RS, Brasil;15;2008;2008-09-20 21:00:09
Leandro Soares Indrusiak;Instituto de Informática, UFRGS Microelectronic Systems Institute, TU Darmstadt, Karlstr. 15, 64283 Darmstadt;25;2008;2008-09-20 21:08:07
Ricardo A. L. Reis;Instituto de Informática, UFRGS, Porto Alegre, RS;25;2008;2008-09-20 21:08:07
Manfred Glesner;Microelectronic Systems Institute, TU Darmstadt, Karlstr. 15, 64283 Darmstadt;25;2008;2008-09-20 21:08:07
Carlos A. P. Campani;Instituto de Física e Matemática, UFPel, Pelotas, RS e Instituto de Informática, UFRGS;23;2008;2008-09-20 21:15:56
Paulo Blauth Menezes;Instituto de Informática, UFRGS, Porto Alegre, RS;23;2008;2008-09-20 21:15:56
Thomas Lewiner;Departamento de Matemática, PUC-Rio de Janeiro;29;2008;2008-09-24 10:19:17
Bruno Rabello;Instituto de Computação, Universidade Federal Fluminense;43;2008;2008-09-24 10:35:17
Edson Mattos;Instituto de Computação, Universidade Federal Fluminense;43;2008;2008-09-24 10:35:17
Bruno Evangelista;Instituto de Informática, Universidade Federal de Minas Gerais;43;2008;2008-09-24 10:35:17
Esteban Clua;Instituto de Computação, Universidade Federal Fluminense;43;2008;2008-09-24 10:35:17
Anderson Rocha;1Institute of Computing, University of Campinas (Unicamp);27;2008;2008-09-24 10:41:11
Siome Goldenstein;1Institute of Computing, University of Campinas (Unicamp);27;2008;2008-09-24 10:41:11
Andre Suslik Spritzer;Instituto de Informática, UFRGS;25;2008;2008-09-24 10:55:14
Carla M. D. S. Freitas;Instituto de Informática, UFRGS;25;2008;2008-09-24 10:55:14
Gilson A. Giraldi;Department of Computer Science, LNCC, Petrópolis, Rio de Janeiro;32;2008;2008-09-24 11:04:29
Paulo S. Rodrigues;Department of Computer Science, FEI, São Bernardo do Campo, São Paulo;32;2008;2008-09-24 11:04:29
Edson C. Kitani;3Department of Electrical Engineering, USP, São Paulo, São Paulo;32;2008;2008-09-24 11:04:29
Carlos E. Thomaz;4Department of Electrical Engineering, FEI, São Bernardo do Campo, São Paulo;32;2008;2008-09-24 11:04:29
Agma Traina;ICMC-USP, São Carlos, SP;1;2008;2008-09-24 17:10:38
Marcelo Dreux;PUC-RIO, Rio de Janeiro, RJ;1;2008;2008-09-24 17:10:38
Kathia Marçal de Oliveira;Universidade Catolica de Brasilia;23;2008;2008-11-06 12:56:02
Alberto Raposo;Pontifical Catholic University of Rio de Janeiro - PUC-Rio;0;2008;2008-11-18 15:08:37
Judith Kelner;Federal University of Pernambuco – UFPE – Recife;0;2008;2008-11-18 15:08:37
Luiz Eduardo Galvão Martins;Universidade Metodista de Piracicaba, UNIMEP, FACEN;17;2008;2008-11-28 08:34:21
Luiz Camolesi Júnior;Universidade Estadual de Campinas, UNICAMP, CESET;17;2008;2008-11-28 08:34:21
Denis Altieri de Oliveira Moraes;Centro Estadual de Pesquisas em Sensoriamento Remoto e Metereologia UFRGS;15;2008;2008-12-02 08:24:34
Victor Haertel;Centro Estadual de Pesquisas em Sensoriamento Remoto e Metereologia UFRGS;15;2008;2008-12-02 08:24:34
Thiago Alexandre Salgueiro Pardo;Núcleo Interinstitucional de Lingüística Computacional (NILC). Instituto de Ciências Matemáticas e de Computação (ICMC), Universidade de São Paulo;21;2008;2008-12-02 08:40:37
Maria das Graças Volpe Nunes;Núcleo Interinstitucional de Lingüística Computacional (NILC). Instituto de Ciências Matemáticas e de Computação (ICMC), Universidade de São Paulo;21;2008;2008-12-02 08:40:37
Ana Carolina Lorena;1Centro de Matemática, Computação e Cognição, Universidade Federal do ABC, Santo Andre, SP;21;2008;2008-12-02 09:00:11
André C. P. L. F. de Carvalho;Departamento de Ciências de Computação, Instituto de Ciências Matemáticas e de Computação, Universidade de São Paulo, SP;21;2008;2008-12-02 09:00:11
Fernanda Rispoli Quartieri;Programa de Pós-Graduação em Engenharia Elétrica – PPGEE, Universidade Federal do Rio Grande do Sul –  UFRGS;15;2008;2008-12-03 09:11:00
Jacob Scharcanski;Programa de Pós-Graduação em Engenharia Elétrica – PPGEE, Universidade Federal do Rio Grande do Sul –  UFRGS;15;2008;2008-12-03 09:11:00
Letícia Vieira Guimarães;Programa de Pós-Graduação em Engenharia Elétrica – PPGEE, Universidade Federal do Rio Grande do Sul –  UFRGS;15;2008;2008-12-03 09:11:00
Adalberto Schuck Junior;Programa de Pós-Graduação em Engenharia Elétrica – PPGEE, Universidade Federal do Rio Grande do Sul –  UFRGS;15;2008;2008-12-03 09:11:00
Dionísio Doering;Lawrence Berkeley National Laboratory. One Cyclotron Road, MS50A6134, Berkeley, CA, USA;17;2008;2008-12-03 14:04:02
Adalberto Schuck Junior;DELET – EE – UFRGS;17;2008;2008-12-03 14:04:02
Fabiane Fabiane Barreto Vavassori Benitti;Centro de Educação de Ciências Tecnológicas da Terra e do Mar, UNIVALI, Itajaí, SC;15;2008;2008-12-03 14:12:16
Elias Canhadas Genvigir;Universidade Tecnológica Federal do Paraná – UTFPR;21;2008;2008-12-03 14:27:32
Nandamudi Lankalapalli Vijaykumar;Instituto Nacional de Pesquisas Espaciais – INPE. Sao Jose dos Campos - SP;21;2008;2008-12-03 14:27:32
Luiz E. S. Oliveira;Pontifícia Universidade Católica do Paraná, Programa de Pós-Graduação em Informática Aplicada (PPGIa), Curitiba (PR);15;2008;2008-12-03 14:45:17
Paulo R. Cavalin;École de Technologie Supérieure (ÉTS), Montreal.;15;2008;2008-12-03 14:45:17
Alceu S. Britto Jr;Pontifícia Universidade Católica do Paraná, Programa de Pós-Graduação em Informática Aplicada (PPGIa), Curitiba (PR);15;2008;2008-12-03 14:45:17
Alessandro L. Koerich;Pontifícia Universidade Católica do Paraná, Programa de Pós-Graduação em Informática Aplicada (PPGIa), Curitiba (PR);15;2008;2008-12-03 14:45:17
José Palazzo Moreira de Oliveira;Instituto de Informática, UFRGS, Porto Alegre, RS;1;2008;2008-12-12 11:04:59
Flávio Henrique Teles Vieira;1Escola de Engenharia Elétrica e de Computação, Universidade Federal de Goiás, Av. Universitária, n.1488, Qd. 86, Bloco A, 74605-010, Goiânia, GO;17;2008;2008-12-12 11:12:23
Lee Luan Ling;2Departamento de Comunicações (DECOM), Faculdade de Engenharia Elétrica e de Computação, Universidade Estadual de Campinas Caixa Postal 6101, 13.083-852 SP, Brasil;17;2008;2008-12-12 11:12:23
Leyza Baldo Dorini;Universidade Tecnológica Federal do Paraná;21;2009;2009-03-04 23:48:49
Neucimar Jerônimo Leite;Universidade Estadual de Campinas;21;2009;2009-03-04 23:48:49
Leandro Ferreira;Universidade Federal de Lavras;12;2009;2009-03-20 08:58:10
Tadayuki Yanagi Junior;Departamento de Engenharia, Universidade Federal de Lavras (UFLA), Caixa Postal 3037,Lavras/MG, Brasil;12;2009;2009-03-20 08:58:10
Alison Zille Lopes;Departamento de Engenharia, Universidade Federal de Lavras (UFLA), Caixa Postal 3037,Lavras/MG, Brasil;12;2009;2009-03-20 08:58:10
Wilian Soares Lacerda;Departamento de Engenharia, Universidade Federal de Lavras (UFLA), Caixa Postal 3037,Lavras/MG, Brasil;12;2009;2009-03-20 08:58:10
Cristina Nader Vasconcelos;PUC-Rio;26;2009;2009-04-04 21:06:12
Paulo Cezar Carvalho;IMPA;26;2009;2009-04-04 21:06:12
Marcelo Gattass;Tecgraf/PUC-Rio;26;2009;2009-04-04 21:06:12
Alberto Raposo;PUC-RJ;15;2009;2009-04-09 11:19:24
Luciano Soares;PUC-RJ;15;2009;2009-04-09 11:19:24
Judith Kelner;Universidade Federal de Pernambuco - UFPE;15;2009;2009-04-09 11:19:24
Veronica Teichrieb;Universidade federal de Pernambuco -UFPE;15;2009;2009-04-09 11:19:24
Silvano Maneck Malfatti;Laboratório Nacional de Computação Científica, Laboratório ACiMA - RJ;21;2009;2009-04-09 11:38:49
Selan Rodrigues dos Santos;Universidade Federal do Rio Grande do Norte - RN;21;2009;2009-04-09 11:38:49
Luciane Machado Fraga;Laboratório Nacional de Computação Científica, Laboratório ACiMA - RJ;21;2009;2009-04-09 11:38:49
Claudia Marcela Justel;Instituto Militar de Engenharia - RJ;21;2009;2009-04-09 11:38:49
Paulo Fernando Ferreira Rosa;Instituto Militar de Engenharia - RJ;21;2009;2009-04-09 11:38:49
Jauvane Cavalvante de Oliveira;Laboratório Nacional de Computação Científica, Laboratório ACiMA - RJ;21;2009;2009-04-09 11:38:49
Fábio R. de Miranda;Centro Universitário Senac - SP;27;2009;2009-04-09 11:54:43
Romero Tori;Centro Universitário Senac - SP;27;2009;2009-04-09 11:54:43
Cláudio E. S. Bueno;Centro Universitário Senac - SP;27;2009;2009-04-09 11:54:43
Lucas P. Trias;Centro Universitário Senac - SP;27;2009;2009-04-09 11:54:43
Leandro A. F. Fernandes;Instituto de Informática, UFRGS;19;2009;2009-04-09 12:09:32
Vitor F. Pamplona;Instituto de Informática, UFRGS;19;2009;2009-04-09 12:09:32
João L. Prauchner;Instituto de Informática, UFRGS;19;2009;2009-04-09 12:09:32
Luciana P. Nedel;Instituto de Informática, UFRGS;19;2009;2009-04-09 12:09:32
Manuel M. Oliveira;Instituto de Informática, UFRGS;19;2009;2009-04-09 12:09:32
Ednaldo Brigante Pizzolato;Universidade Federal de São Carlos - SP;19;2009;2009-04-09 12:17:12
Diego Daniel Duarte;Universidade Federal de São Carlos - SP;19;2009;2009-04-09 12:17:12
Marcio Merino Fernandes;Universidade Federal de São Carlos - SP;19;2009;2009-04-09 12:17:12
Edeilson Milhomem Silva;Universidade Federal de Pernambuco;28;2009;2009-04-26 18:52:36
Ricardo A. Costa;Centro de Informática, UFPE, Caixa Postal 7851 – Recife, PE - BrasilC.E.S.A.R - Centro de Estudos e Sistemas Avançados do Recife, Rua Bione, 220 – Bairro do Recife - 50.030-390 -Recife, PE - Brasil;28;2009;2009-04-26 18:52:36
Lucas R. B. Schmitz;C.E.S.A.R - Centro de Estudos e Sistemas Avançados do Recife, Rua Bione, 220 – Bairro do Recife - 50.030-390 -Recife, PE - Brasil;28;2009;2009-04-26 18:52:36
Silvio R. L. Meira;Centro de Informática, UFPE, Caixa Postal 7851 – Recife, PE - BrasilC.E.S.A.R - Centro de Estudos e Sistemas Avançados do Recife, Rua Bione, 220 – Bairro do Recife - 50.030-390 -Recife, PE - Brasil;28;2009;2009-04-26 18:52:36
Richardson Ribeiro;Universidade Tecnológica Federal do Paraná (UTFPR);24;2009;2009-05-14 16:18:10
André Pinz Borges;Pontifícia Universidade Católica do Paraná - PUCPR;24;2009;2009-05-14 16:18:10
Adriano Francisco Ronszcka;Universidade Tecnológica Federal do Paraná (UTFPR);24;2009;2009-05-14 16:18:10
Edson Emílio Scalabrin;Pontifícia Universidade Católica do Paraná - PUCPR;24;2009;2009-05-14 16:18:10
Braulio Coelho Ávila;Pontifícia Universidade Católica do Paraná - PUCPR;24;2009;2009-05-14 16:18:10
Fabrício Enembreck;Pontifícia Universidade Católica do Paraná - PUCPR;24;2009;2009-05-14 16:18:10
Jairo Francisco Souza;Universidade Federal de Juiz de Fora;20;2009;2009-06-17 21:28:30
Rubens Nascimento Melo;Pontifícia Universidade Católica do Rio de Janeiro;20;2009;2009-06-17 21:28:30
Jonice Oliveira;Universidade Federal do Rio de Janeiro;20;2009;2009-06-17 21:28:30
Jano Moreira Souza;Universidade Federal do Rio de Janeiro;20;2009;2009-06-17 21:28:30
Luciano Jose Senger;Universidade Estadual de Ponta Grossa;20;2009;2009-08-03 14:37:19
Lilian Tais de Gouveia;Instituto de Física de São Carlos;20;2009;2009-08-03 14:37:19
Ismayle Sousa Santos;UNIVERSIDADE FEDERAL DO PIAUÍ;18;2009;2009-09-14 13:51:34
Pedro Alcântara Santos Neto;UNIVERSIDADE FEDERAL DO PIAUÍ;18;2009;2009-09-14 13:51:34
Rodolfo Resende;UNIVERSIDADE FEDERAL DE MINAS GERAIS;18;2009;2009-09-14 13:51:34
Marinalva Dias Soares;Instituto Nacional de Pesquisas Espaciais - INPE;17;2009;2009-09-29 21:12:15
Luciano Vieira Dutra;Instituto Nacional de Pesquisas Espaciais - INPE;17;2009;2009-09-29 21:12:15
Nandamudi Vijaykumar;Instituto Nacional de Pesquisas Espaciais - INPE;17;2009;2009-09-29 21:12:15
Luciana Maria Azevedo Nascimento;Universidade Federal do Pará;13;2009;2009-10-23 16:17:19
Talita Vieira Ribeiro;Universidade Federal do Pará;13;2009;2009-10-23 16:17:19
Carla Alessandra Lima Reis;Universidade Federal do Pará;13;2009;2009-10-23 16:17:19
Rodrigo Quites Reis;Universidade Federal do Pará;13;2009;2009-10-23 16:17:19
Adailton Magalhães Lima;Universidade Federal do Pará;13;2009;2009-10-23 16:17:19
Regiane Kowalek Hanusiak;Pontifícia Universidade Católica do Paraná;16;2009;2009-11-03 21:02:55
Edson José Rodrigues Justino;Pontifícia Universidade Católica do Paraná;16;2009;2009-11-03 21:02:55
Luiz Soares Oliveira;Universidade Federal do Paraná;16;2009;2009-11-03 21:02:55
Robert Sabourin;Ecole de Technologie Superieure, Université Du Quebec;16;2009;2009-11-03 21:02:55
Marcello Kera;Universidade Federal do Paraná;28;2009;2009-11-08 21:01:49
Helio Pedrini;Universidade Estadual de Campinas;28;2009;2009-11-08 21:01:49
Fátima Nunes;Universidade de São Paulo;28;2009;2009-11-08 21:01:49
Marcos Camponogara;PPGCC/PUCRS, Avenida Ipiranga, 6681, Prédio 32, Porto Alegre, RS;14;2009;2009-11-16 09:57:01
Milene Silveira;PPGCC/PUCRS, Avenida Ipiranga, 6681, Prédio 32, Porto Alegre, RS;14;2009;2009-11-16 09:57:01
Eliane Colepícolo;DIS/UNIFESP;15;2009;2009-11-24 17:25:49
Edson Takashi Matsubara;ICMC/USP;15;2009;2009-11-24 17:25:49
Alex Esteves Jaccoud Falcão;DIS/UNIFESP;15;2009;2009-11-24 17:25:49
Ivan Torres Pisa;DIS/UNIFESP;15;2009;2009-11-24 17:25:49
Bruno Nogueira;Universidade Federal de Pernambuco, UFPE;19;2009;2009-11-24 17:35:08
Paulo Maciel;Universidade Federal de Pernambuco, UFPE;19;2009;2009-11-24 17:35:08
Gustavo Callou;Universidade Federal de Pernambuco, UFPE;19;2009;2009-11-24 17:35:08
Ermeson Andrade;Universidade Federal de Pernambuco, UFPE;19;2009;2009-11-24 17:35:08
Eduardo Tavares;Universidade Federal de Pernambuco, UFPE;19;2009;2009-11-24 17:35:08
André Luiz Pimentel Queiroz;Universidade Católica de Brasília;23;2009;2009-11-24 17:40:31
Nicolas Anquetil;Universidade Católica de Brasília;23;2009;2009-11-24 17:40:31
Káthia Marçal de Oliveira;Universidade Católica de Brasília;23;2009;2009-11-24 17:40:31
Thiago S. M. C. Farias;Centro de Informática, UFPE;25;2009;2009-11-24 17:53:30
João Marcelo N. X. Teixeira;Centro de Informática, UFPE;25;2009;2009-11-24 17:53:30
Pedro J. S. Leite;Centro de Informática, UFPE;25;2009;2009-11-24 17:53:30
Gabriel F. Almeida;Centro de Informática, UFPE;25;2009;2009-11-24 17:53:30
Mozart W. S. Almeida;Centro de Informática, UFPE;25;2009;2009-11-24 17:53:30
Veronica Teichrieb;Centro de Informática, UFPE;25;2009;2009-11-24 17:53:30
Judith Kelner;Centro de Informática, UFPE;25;2009;2009-11-24 17:53:30
João Victor Boechat Gomide;Faculdade de Ciências Empresariais, Universidade FUMEC;27;2009;2009-11-24 18:01:35
Arnaldo de Albuquerque Araújo;Departamento de Ciência da Computação, UFMG;27;2009;2009-11-24 18:01:35
Maurício Marengoni;Universidade Presbiteriana Mackenzie, Faculdade de Computação e Informática e Pós Graduação em Engenharia Elétrica;35;2009;2009-11-24 18:12:41
Stringhini Stringhini;Universidade Presbiteriana Mackenzie, Faculdade de Computação e Informática;35;2009;2009-11-24 18:12:41
Marcelo da Silva Hounsell;LARVA - DCC - UDESC;19;2009;2009-12-08 20:48:00
Débora Cristine Xavier;LARVA - DCC - UDESC;19;2009;2009-12-08 20:48:00
Tânia Brusque Crocetta;LAPE - CEFID - UDESC;19;2009;2009-12-08 20:48:00
Alexandro Andrade;LAPE - CEFID - UDESC;19;2009;2009-12-08 20:48:00
Rodrigo Fernandes de Mello;Universidade de São Paulo;21;2009;2009-12-14 11:33:27
Matheus Lorenzo dos Santos;Universidade de São Paulo;21;2009;2009-12-14 11:33:27
Marcelo Keese Albertini;Universidade de São Paulo;21;2009;2009-12-14 11:33:27
Milton Roberto Heinen;UFRGS;14;2009;2009-12-21 15:48:41
Paulo Martins Engel;UFRGS;14;2009;2009-12-21 15:48:41
Richardson Ribeiro;Pontifícia Universidade Católica do Paraná - PUCPR;24;2009;2009-12-21 15:11:23
Fabrício Enembreck;Pontifícia Universidade Católica do Paraná;24;2009;2009-12-21 15:11:23
Flávio Henrique Teles Vieira;Universidade Federal de Goiás;17;2010;2010-02-19 13:38:29
Scheila Guedes Garcez;Unicamp;17;2010;2010-02-19 13:38:29
Josceli Maria Tenório;Unifesp;10;2010;2010-02-20 15:20:50
Frederico Molina Cohrs;Programa de Pós Graduação em Saúde Coletiva, Universidade Federal de São Paulo;10;2010;2010-02-20 15:20:50
Vera Lúcia Sdepanian;Departamento de Pediatria, Universidade Federal de São Paulo;10;2010;2010-02-20 15:20:50
Ivan Torres Pisa;Departamento de Informática em Saúde, Universidade Federal de São Paulo;10;2010;2010-02-20 15:20:50
Heimar de Fátima Marin;Universidade Federalde São Paulo;10;2010;2010-02-20 15:20:50
Gilmário Barbosa Santos;UDESC;24;2010;2010-03-05 16:33:03
Clésio Luiz Tozzi;UNICAMP;24;2010;2010-03-05 16:33:03
Maria Cristina Tavares;UNICAMP;24;2010;2010-03-05 16:33:03
Luis C. Lamb;Instituto de Informática, UFRGS, Porto Alegre, RS;1;2010;2010-03-08 15:06:56
José Palazzo Moreira de Oliveira;Instituto de Informática, UFRGS, Porto Alegre, RS;1;2010;2010-03-08 15:06:56
Lisandro Z Granville;Instituto de Informática, UFRGS, Porto Alegre, RS;1;2010;2010-03-08 15:06:56
Siome Klein Goldenstein;Instituto de Computação, UNICAMP, Campinas;0;2010;2010-03-08 15:21:02
Anselmo Antunes Montenegro;Instituto de Computação, UFF, Niterói-RJ;0;2010;2010-03-08 15:21:02
Paulo Lumertz;Quantiza Systems Av. Dos Municípios, 5510 Santa Lúcia Campo Bom – RS;3;2010;2010-03-21 11:40:59
Ana Paula Terra Bacelo;Pontifical Catholic of Rio Grande do Sul – Faculty of Informatics Av. Ipiranga, 6681 – Prédio 32 – 6 Floor - Porto Alegre – RS;3;2010;2010-03-21 11:40:59
Toacy Oliveira;University of Waterloo - David R. Cheriton School of Computer Science 200 university Ave N2L 6P2 - Waterloo;3;2010;2010-03-21 11:40:59
Lidia López;-;3;2010;2010-03-27 10:54:32
Xavier Franch;-;3;2010;2010-03-27 10:54:32
Jordi Marco;-;3;2010;2010-03-27 10:54:32
Vânia M. P. Vidal;-;3;2010;2010-03-27 11:17:00
João C. Pinheiro;-;3;2010;2010-03-27 11:17:00
Eveline R. Sacramento;-;3;2010;2010-03-27 11:17:00
José Antonio Fernandes de Macêdo;-;3;2010;2010-03-27 11:17:00
Bernadette F. Lóscio;-;3;2010;2010-03-27 11:17:00
Haiyang Sun;-;3;2010;2010-03-27 11:53:36
Jian Yang;-;3;2010;2010-03-27 11:53:36
Weiliang Zhao;-;3;2010;2010-03-27 11:53:36
Douglas da Silva;-;1;2010;2010-03-27 12:08:24
Mírian Bruckschen;-;1;2010;2010-03-27 12:08:24
Paulo Bridi;-;1;2010;2010-03-27 12:08:24
Roger Granada;-;1;2010;2010-03-27 12:08:24
Alexandre Agustini;-;1;2010;2010-03-27 12:08:24
Renata Vieira;-;1;2010;2010-03-27 12:08:24
Caio Northfleet;-;1;2010;2010-03-27 12:08:24
Prasad Rao;-;1;2010;2010-03-27 12:08:24
Tomas Sander;-;1;2010;2010-03-27 12:08:24
Raphael do Vale A. Gomes;-;5;2010;2010-03-27 12:24:08
Luiz André P. Paes Leme;-;5;2010;2010-03-27 12:24:08
Marco A. Casanova;-;5;2010;2010-03-27 12:24:08
Mirel Cosulschi;-;1;2010;2010-03-27 14:50:03
Roberto De Virgilio;-;1;2010;2010-03-27 14:50:03
Tommaso Di Noia;-;1;2010;2010-03-27 14:50:03
Roberto Mirizzi;-;1;2010;2010-03-27 14:50:03
Jinho Kim;-;3;2010;2010-03-27 15:03:10
Donghoo Kim;-;3;2010;2010-03-27 15:03:10
Suan Lee;-;3;2010;2010-03-27 15:03:10
Yang-Sae Moon;-;3;2010;2010-03-27 15:03:10
Il-Yeol Song;-;3;2010;2010-03-27 15:03:10
Ritu Khare;-;3;2010;2010-03-27 15:03:10
Yuan An;-;3;2010;2010-03-27 15:03:10
Bruno Leonardo Barros Silva;Federal University of Pernambuco;3;2010;2010-03-27 15:20:20
Robson Wagner Albuquerque de Medeiros;-;3;2010;2010-03-27 15:20:20
Julio Cesar Damasceno;-;3;2010;2010-03-27 15:20:20
Fernando Antonio Aires Lins;-;3;2010;2010-03-27 15:20:20
Nelson Souto Rosa;-;3;2010;2010-03-27 15:20:20
Paulo Romero Martins Maciel;-;3;2010;2010-03-27 15:20:20
Bryan Stephenson;-;3;2010;2010-03-27 15:20:20
Hamid Reza Motahari Nezhad;-;3;2010;2010-03-27 15:20:20
Jun Li;-;3;2010;2010-03-27 15:20:20
Caio Northfleet;-;3;2010;2010-03-27 15:20:20
André Ricardo da Silva Souza;-;3;2010;2010-03-27 15:20:20
Bernardo Pereira Nunes;-;5;2010;2010-03-27 15:26:24
Marco Antonio Casanova;-;5;2010;2010-03-27 15:26:24
Sonia Bergamaschi;-;3;2010;2010-03-27 15:46:33
Laura Po;-;3;2010;2010-03-27 15:46:33
Serena Sorrentino;-;3;2010;2010-03-27 15:46:33
Alberto Corni;-;3;2010;2010-03-27 15:46:33
Julio Cesar Damasceno;Federal University of Pernambuco;1;2010;2010-03-27 16:00:07
Hamid Reza Motahari Nezhad;Federal University of Pernambuco;1;2010;2010-03-27 16:00:07
Jun Li;Federal University of Pernambuco;1;2010;2010-03-27 16:00:07
Caio Northfleet;Federal University of Pernambuco;1;2010;2010-03-27 16:00:07
Bryan Stephenson;Federal University of Pernambuco;1;2010;2010-03-27 16:00:07
André Ricardo da Silva Souza;Federal University of Pernambuco;1;2010;2010-03-27 16:00:07
Robson Wagner Albuquerque de Medeiros;Federal University of Pernambuco;1;2010;2010-03-27 16:00:07
Bruno Leonardo Barros Silva;-;1;2010;2010-03-27 16:00:07
Fernando Antonio Aires Lins;-;1;2010;2010-03-27 16:00:07
Nelson Souto Rosa;-;1;2010;2010-03-27 16:00:07
Paulo Romero Martins Maciel;-;1;2010;2010-03-27 16:00:07
Irene Garrigós;-;3;2010;2010-03-27 16:09:23
Octavio Glorio;-;3;2010;2010-03-27 16:09:23
Paul Hernández;-;3;2010;2010-03-27 16:09:23
Alejandro Mate;-;3;2010;2010-03-27 16:09:23
Lucia Castro;-;1;2010;2010-03-27 16:15:13
Fernanda Araujo Araujo;-;1;2010;2010-03-27 16:15:13
Giancarlo Guizzardi;-;1;2010;2010-03-27 16:15:13
Raquel Pau;-;3;2010;2010-03-27 16:22:14
Jordi Cabot;-;3;2010;2010-03-27 16:22:14
Ruth Raventós;-;3;2010;2010-03-27 16:22:14
Mario A.M. Guimarães;Instituto de Informática, UFRGS, Porto Alegre, RS;3;2010;2010-03-27 16:29:44
Meg Murray;-;3;2010;2010-03-27 16:29:44
Ana L.D. Martins;-;15;2010;2010-03-27 17:07:51
Nelson D.A. Mascarenhas;-;15;2010;2010-03-27 17:07:51
Cláudio A.T. Suazo;-;15;2010;2010-03-27 17:07:51
Marcos Proença de Almeida;-;11;2010;2010-03-27 17:17:57
Maurílio Boaventura;-;11;2010;2010-03-27 17:17:57
Osvaldo Severino Jr.;-;15;2010;2010-03-27 17:31:30
Adilson Gonzaga;-;15;2010;2010-03-27 17:31:30
Rodrigo Pereira dos Santos;-;14;2010;2010-03-27 17:43:32
Heitor Augustus Xavier Costa;-;14;2010;2010-03-27 17:43:32
Cláudia Maria Lima Werner;-;14;2010;2010-03-27 17:43:32
André Fonseca Amâncio;-;14;2010;2010-03-27 17:43:32
Paulo Afonso Parreira Júnior;-;14;2010;2010-03-27 17:43:32
Antônio Maria Pereira de Resende;-;14;2010;2010-03-27 17:43:32
Fábio Fagundes Silveira;-;14;2010;2010-03-27 17:43:32
José Palazzo Moreira de Oliveira;Instituto de Informática, UFRGS, Porto Alegre, RS;0;2010;2010-03-31 09:28:02
Renato Ramos da Silva;Instituto de Ciências Matemáticas e de Computação - ICMC-USP.;20;2010;2010-03-31 17:38:12
Roberto Sadao Yokoyama;Instituto de Ciências Matemáticas e de Computação Universidade de São Paulo - Campus São CarlosAv. do Trabalhador Sancarlense, 400 - Centro Caixa Postal 668 - CEP 13560-970 São Carlos, SP;20;2010;2010-03-31 17:38:12
Yuri Saito;Universidade de São Paulo;18;2010;2010-04-06 23:11:43
Ricardo José Ferrari;Universidade Federal de Uberlândia;18;2010;2010-04-06 23:11:43
Jefferson Teixeira;Universidade de São Paulo;18;2010;2010-04-06 23:11:43
Paulo M. de Azevedo Marques;Universidade de São Paulo;18;2010;2010-04-06 23:11:43
Andre P.L.F. de Carvalho;Universidade de São Paulo;18;2010;2010-04-06 23:11:43
Antônio Carlos dos Santos;Universidade de São Paulo;18;2010;2010-04-06 23:11:43
Moanir Stábile Filho;Departamento de Engenharia Elétrica, Universidade Estadual de Londrina;28;2010;2010-04-20 19:50:56
Taufik Abrão;Departamento de Engenharia Elétrica, Universidade Estadual de Londrina;28;2010;2010-04-20 19:50:56
Lucas Dias Hiera Sampaio;Departamento de Ciência da Computação, Universidade Estadual de Londrina;28;2010;2010-04-20 19:50:56
José Carlos Ferreira da Rocha;UEPG;14;2010;2010-04-22 18:42:57
Alaine Margarete Guimarães;UEPG;14;2010;2010-04-22 18:42:57
Cassio Polpo de Campos;IDISIA;14;2010;2010-04-22 18:42:57
Sarajane Marques Peres;Universidade de São Paulo;43;2010;2010-06-12 22:39:44
Thiago Rocha;-;43;2010;2010-06-12 22:39:44
Helton H. Biscaro;-;43;2010;2010-06-12 22:39:44
Renata Cristina B. Madeo;-;43;2010;2010-06-12 22:39:44
Clodis Boscarioli;-;43;2010;2010-06-12 22:39:44
Sérgio Mariano Dias;UFMG/SERPRO;26;2010;2010-08-01 14:23:30
Newton José Vieria;UFMG;26;2010;2010-08-01 14:23:30
Angélica Alcoforado Mascaro;Universidade Federal de Pernambuco;21;2010;2010-08-16 12:59:49
Raquel de Miranda Barbosa;Universidade Federal do Rio Grande do Sul - UFRGS;22;2010;2010-09-23 14:14:44
Antônio Carlos da Rocha CostA;Centro de Ciências Computacionais, FURG;22;2010;2010-09-23 14:14:44
Patrícia Cabral de Azevedo R. Tedesco;Centro de Informática, UFPE;22;2010;2010-09-23 14:14:44
Alexandre Cabral Mota;Centro de Informática, UFPE;22;2010;2010-09-23 14:14:44
Giovani Parente Farias;Universidade Federal do Rio Grande;25;2010;2010-10-02 12:27:02
Graçaliz Pereira Dimuro;Universidade Federal do Rio Grande;25;2010;2010-10-02 12:27:02
Antônio Carlos Rocha Costa;Universidade Federal do Rio Grande;25;2010;2010-10-02 12:27:02
Valdemar Vicente Graciano Neto;Universidade Federal de Goiás;14;2010;2010-10-15 10:03:19
Ronneesley M. Teles;Universidade Federal de Goiás;14;2010;2010-10-15 10:03:19
Marcos Ivamoto;Universidade Federal de Goiás;14;2010;2010-10-15 10:03:19
Leonardo H. S. Mello;Universidade Federal de Goiás;14;2010;2010-10-15 10:03:19
Cedric Luiz de Carvalho;-;14;2010;2010-10-15 10:03:19
Gilberto Astolfi;Universidade Federal de São Carlos;14;2010;2010-10-29 19:14:09
Vanessa Maia Aguiar Magalhaes;Universidade Federal de São Carlos;14;2010;2010-10-29 19:14:09
Marcos Alexandre Rose Silva;Universidade Federal de São Carlos;14;2010;2010-10-29 19:14:09
Junia Coutinho Anacleto;Universidade Federal de São Carlos;14;2010;2010-10-29 19:14:09
Alana Marques Morais;UFPB;17;2010;2010-12-09 15:43:41
Liliane dos Santos Machado;UFPB;17;2010;2010-12-09 15:43:41
Ana Maria Gondim Valença;UFPB;17;2010;2010-12-09 15:43:41
Alexandre Wagner Chagas Faria;UNIVERSIDADE FEDERAL DE MINAS GERAIS;16;2011;2011-01-20 14:40:02
Leandro Pfleger de Aguiar;UNIVERSIDADE FEDERAL DE MINAS GERAIS;16;2011;2011-01-20 14:40:02
Daniel da Silva Diogo Lara;Universidade Federal de Minas Gerais;16;2011;2011-01-20 14:40:02
Antônio Alfredo Ferreira Loureiro;Universidade Federal de Minas Gerais;16;2011;2011-01-20 14:40:02
Fabiano Azevedo Dorça;Universidade Federal de Uberlândia;26;2011;2011-04-13 17:38:47
Luciano Vieira Lima;Faculdade de Engenharia Elétrica, Universidade Federal de Uberlândia;26;2011;2011-04-13 17:38:47
Márcia Aparecida Fernandes;Faculdade de Computação, Universidade Federal de Uberlândia;26;2011;2011-04-13 17:38:47
Carlos Roberto Lopes;Faculdade de Computação, Universidade Federal de Uberlândia;26;2011;2011-04-13 17:38:47
Alencar Machado;Universidade Federal de Santa Maria;15;2011;2011-04-26 11:38:41
Iara Augustin;Universidade Federal de Santa Maria;15;2011;2011-04-26 11:38:41
Roni Fabio Banaszewski;Universidade Tecnológica Federal do Paraná - UTFPR;24;2011;2011-06-05 19:53:41
Kelvin Elton Nogueira;Universidade Tecnológica Federal do Paraná (UTFPR);24;2011;2011-06-05 19:53:41
Jean Marcelo Simão;Universidade Tecnológica Federal do Paraná (UTFPR);24;2011;2011-06-05 19:53:41
Lúcia Valéria de Arruda;Universidade Tecnológica Federal do Paraná (UTFPR);24;2011;2011-06-05 19:53:41
Cesar Augusto Tacla;Universidade Tecnológica Federal do Paraná (UTFPR);24;2011;2011-06-05 19:53:41
Vagner Francisco Le Roy;Centro Universitário de Belo Horizonte- UNI-BH;14;2011;2011-06-14 15:17:11
Ana Paula Ladeira;-;14;2011;2011-06-14 15:17:11
Saulo Popov Zambiasi;Universidade Federal de Santa Catarina - UFSC;26;2011;2011-06-28 14:35:00
Ricardo J. Rabelo;-;26;2011;2011-06-28 14:35:00
André Hahn Pereira;Universidade de São Paulo;21;2011;2011-07-15 17:21:46
Luis Gustavo Nardin;Universidade de São Paulo;21;2011;2011-07-15 17:21:46
Jaime Simão Sichman;Universidade de São Paulo;21;2011;2011-07-15 17:21:46
Diogo Fernando Trevisan;Universidade Federal da Grande Dourados;11;2011;2011-07-27 19:54:14
Rodrigo P. da Silva Sacchi;Universidade Federal da Grande Dourados, UFGD;11;2011;2011-07-27 19:54:14
Lino Sanabria;Universidade Federal da Grande Dourados, UFGD;11;2011;2011-07-27 19:54:14
Luciano Antonio Digiampietri;Universidade de São Paulo;16;2011;2011-10-03 12:50:55
Jônatas Correa Araújo;Universidade de São Paulo;16;2011;2011-10-03 12:50:55
Éric Hainer Ostroski;Universidade de São Paulo;16;2011;2011-10-03 12:50:55
Caio Rafael Nascimento Santiago;Universidade de São Paulo;16;2011;2011-10-03 12:50:55
José de Jésus Pérez Alcázar;Universidade de São Paulo;16;2011;2011-10-03 12:50:55
Cássio Martini Martins Pereira;Instituto de Ciências Matemáticas e de Computação - ICMC - USP;23;2011;2011-12-29 11:46:39
Rodrigo F. de Mello;Universidade de São Paulo;23;2011;2011-12-29 11:46:39
Luciana Foss;Universidade Federal de Pelotas;37;2012;2012-01-05 14:38:50
Simone André da Costa Cavalheiro;Universidade Federal de Pelotas;37;2012;2012-01-05 14:38:50
Nícolas Nogueira Bisi;Universidade Federal de Pelotas;37;2012;2012-01-05 14:38:50
Vinícius Steffens Pazzini;Universidade Federal de Pelotas;37;2012;2012-01-05 14:38:50
Lisane Brisolara de Brisolara;Universidade Federal do Rio Grande do Sul;37;2012;2012-01-05 14:38:50
Flávio Rech Wagner;-;37;2012;2012-01-05 14:38:50
Cícero Augusto de S. Camargo;Universidade Federal de Pelotas;39;2012;2012-01-05 21:30:13
Simone André da Costa Cavalheiro;Universidade Federal de Pelotas;39;2012;2012-01-05 21:30:13
Luciana Foss;Universidade Federal de Pelotas;39;2012;2012-01-05 21:30:13
Gerson Geraldo H. Cavalheiro;Universidade Federal de Pelotas;39;2012;2012-01-05 21:30:13
Lilian Ribeiro Mendes Paiva;Universidade Federal de Uberlândia (UFU);20;2012;2012-01-24 21:27:33
Adriano Alves Pereira;Universidade Federal de Uberlândia (UFU);20;2012;2012-01-24 21:27:33
Adriano de Oliveira Andrade;Universidade Federal de Uberlândia (UFU);20;2012;2012-01-24 21:27:33
Francisco Gomes Oliveira;Universidade Federal de Campina Grande;15;2012;2012-01-30 18:07:32
Patrícia Duarte de Lima Machado;Universidade Federal de Campina Grande;15;2012;2012-01-30 18:07:32
Wesley Klewerton Guez Assunção;Computer Science Department, Federal University of Paraná (UFPR);26;2012;2012-02-02 11:00:14
Thelma Elita Colanzi;Computer Science Department, State University of Maringá (UEM);26;2012;2012-02-02 11:00:14
Silvia Regina Vergilio;Computer Science Department, Federal University of Paraná (UFPR);26;2012;2012-02-02 11:00:14
Aurora Trinidad Ramirez Pozo;Computer Science Department, Federal University of Paraná (UFPR);26;2012;2012-02-02 11:00:14
George Souza Oliveira;Universidade Estadual de Maringá;39;2012;2012-02-06 20:48:59
Anderson Faustino da Silva;Universidade Estadual de Maringá;39;2012;2012-02-06 20:48:59
André Luiz de Castro Leal;Universidade Federal Rural do Rio de Janeiro/Departamento de MatemáticaPontifícia Universidade Católica do Rio de Janeiro/Departamento de Informática;27;2012;2012-02-09 21:05:39
Henrique Prado de Sousa;Pontifícia Universidade Católica do Rio de Janeiro/Departamento de Informática;27;2012;2012-02-09 21:05:39
Julio Cesar Sampaio do Prado Leite;Pontifícia Universidade Católica do Rio de Janeiro/Departamento de Informática;27;2012;2012-02-09 21:05:39
Carlos Jose Pereira Lucena;Pontifícia Universidade Católica do Rio de Janeiro/Departamento de Informática;27;2012;2012-02-09 21:05:39
João Pablo Silva da Silva;Universidade Federal do Pampa;17;2012;2012-02-14 14:31:54
Pablo Dall'Oglio;Universidade do Vale do Rio dos Sinos;17;2012;2012-02-14 14:31:54
Sérgio Crespo Coelho da Silva Pinto;Universidade do Vale do Rio dos Sinos;17;2012;2012-02-14 14:31:54
Ig Ibert Bittencourt;Universidade Federal de Alagoas;17;2012;2012-02-14 14:31:54
Alessandro Nakamuta;Universidade de São Paulo;18;2012;2012-02-15 08:14:17
Lourenço Alves Pereira Jr;Universidade de São Paulo;18;2012;2012-02-15 08:14:17
Francisco José Monaco;Universidade de São Paulo;18;2012;2012-02-15 08:14:17
Carla Negri Lintzmayer;UNICAMP;21;2012;2012-03-07 13:48:00
Mauro Henrique Mulati;Universidade Estadual de Maringá;21;2012;2012-03-07 13:48:00
Anderson Faustino da Silva;Universidade Estadual de Maringá;21;2012;2012-03-07 13:48:00
Murillo Rehder Batista;Instituto de Ciências Matemáticas e de Computação - USP São Carlos;18;2012;2012-03-08 16:03:38
Roseli Aparecida Francelin Romero;Instituto de Ciências Matemáticas e de Computação - USP São Carlos;18;2012;2012-03-08 16:03:38
Rodrigo Carneiro Brandão;Instituto Nacional de Telecomunicações - INATEL;28;2012;2012-03-14 10:58:37
Agostinho Manuel Vaz;INATEL;28;2012;2012-03-14 10:58:37
Antônio Marcos Alberti;INATEL;28;2012;2012-03-14 10:58:37
Douglas Fernandes Pereira da Silva Junior;Universidade de São PauloEscola de Artes, Ciências e Humanidades;17;2012;2012-03-22 12:36:50
Eder Miranda de Novais;Universidade de São PauloEscola de Artes, Ciências e Humanidades;17;2012;2012-03-22 12:36:50
Ivandre Paraboni;Universidade de São Paulo (USP)Escola de Artes, Ciências e Humanidades (EACH);17;2012;2012-03-22 12:36:50
Leandro Miranda Zatesko;Universidade Federal do Paraná;16;2012;2012-04-02 13:23:23
Jair Donadelli Jr.;Universidade Federal do ABC;16;2012;2012-04-02 13:23:23
Eduardo da Silva;Instituto Federal Catarinense;14;2012;2012-05-09 09:13:21
Luiz Carlos Pessoa Albini;Universidade Federal do Paraná;14;2012;2012-05-09 09:13:21
Murilo W. S. Lima;Universidade Federal do Paraná;14;2012;2012-05-09 09:13:21
Marcos Paulo Nicoletti;Universidade Estadual do Oeste do Paraná;23;2012;2012-06-20 16:39:47
Claudia Brandelero Rizzi;Universidade Estadual do Oeste do Paraná;23;2012;2012-06-20 16:39:47
Rogério Luís Rizzi;Universidade Estadual do Oeste do Paraná;23;2012;2012-06-20 16:39:47
Anderson Rocha Tavares;Universidade Federal do Rio Grande do Sul;20;2012;2012-06-29 18:42:09
Ana Lucia Cetertich Bazzan;-;20;2012;2012-06-29 18:42:09
José Rodrigo Neri;UFSC;24;2012;2012-06-30 21:55:12
Maicon Rafael Zatelli;UFSC;24;2012;2012-06-30 21:55:12
Daniela Maria Uez;UFSC;24;2012;2012-06-30 21:55:12
Rafael Frizzo Callegaro;-;24;2012;2012-06-30 21:55:12
Fernando dos Santos;Universidade do Estado de Santa Catarina (UDESC);16;2012;2012-07-06 21:59:16
Gabriel Rigo da Cruz Jacobsen;Universidade do Estado de Santa Catarina (UDESC);16;2012;2012-07-06 21:59:16
Carlos Alberto Barth;Universidade do Estado de Santa Catarina (UDESC);16;2012;2012-07-06 21:59:16
Rogério Galante Negri;Instituto Nacional de Pesquisas Espaciais/Divisão de Processamento de Imagens;23;2012;2012-12-16 18:08:47
Sidnei João Siqueira Sant'Anna;Instituto Nacional de Pesquisas Espaciais/Divisão de Processamento de Imagens;23;2012;2012-12-16 18:08:47
Luciano Vieira Dutra;Instituto Nacional de Pesquisas Espaciais/Divisão de Processamento de Imagens;23;2012;2012-12-16 18:08:47
George Souza Oliveira;Universidade Estadual de Maringá;32;2013;2013-01-10 18:02:11
Anderson Faustino da Silva;Universidade Estadual de Maringá;32;2013;2013-01-10 18:02:11
Ewerton Daniel de Lima;Universidade Estadual de Maringá;17;2013;2013-01-15 15:44:29
Tiago Cariolano de Souza Xavier;Universidade Estadual de Maringá;17;2013;2013-01-15 15:44:29
Anderson Faustino da Silva;Universidade Estadual de Maringá;17;2013;2013-01-15 15:44:29
Marcos Antonio Quináia;Universidade Estadual do Centro-Oeste - UNICENTRO;20;2013;2013-01-18 17:43:27
Johnny Maikeo Ferreira;Universidade Federal do Paraná - UFPR;20;2013;2013-01-18 17:43:27
Silvia Regina Vergilio;Universidade Federal do Paraná - UFPR;20;2013;2013-01-18 17:43:27
Henrique Batista Silva;DCC / UFMG;15;2013;2013-02-25 21:16:01
Zenilton Kleber Gonçalves Patrocínio;ICEI / PUC Minas;15;2013;2013-02-25 21:16:01
Silvio Jamil Ferzoli Guimarães;ICEI / PUC Minas;15;2013;2013-02-25 21:16:01
Guilherme Perin;Universidade Federal de Santa MariaPPGI - LANA - GMICRO;16;2013;2013-03-12 09:55:33
Alice de Jesus Kozakevicius;Universidade Federal de Santa Maria - LANA - PPGI;16;2013;2013-03-12 09:55:33
Hérico Valiati;Departamento de Ciência da Computação – Universidade  Federal de Minas Gerais;25;2013;2013-03-16 23:41:52
Arlei Silva;Computer Science Department – University of California, Santa Barbara;25;2013;2013-03-16 23:41:52
Sara Guimarães;Departamento de Ciência da Computação – Universidade  Federal de Minas Gerais;25;2013;2013-03-16 23:41:52
Wagner Meira Jr.;Departamento de Ciência da Computação – Universidade  Federal de Minas Gerais;25;2013;2013-03-16 23:41:52
Celso Antonio Alves Kaestner;Informatics DepartmentFederal University of Technology - Paraná - UTFPRAv. Sete de Setembro, 3165Curitiba, Paraná - Brazil80.230-901Phone: +55 (41) 3310-4644Fax: +55 (41) 3310-4646;24;2013;2013-05-06 13:13:48
Soraia de Souza Reis;Universidade Federal de Minas Gerais;27;2013;2013-05-28 11:01:44
Raquel Oliveira Prates;Universidade Federal de Minas Gerais;27;2013;2013-05-28 11:01:44
Evando Carlos Pessini;Universidade Tecnológica Federal do Paraná;31;2013;2013-07-05 14:55:03
Lucas Carvalho;Universidade Federal de SergipeDepartamento de Computação (DCOMP/CCET/UFS);32;2013;2013-08-19 18:39:51
Hendrik Macedo;Universidade Federal de SergipeDepartamento de Computação (DCOMP/CCET/UFS);32;2013;2013-08-19 18:39:51
Francisca Raquel de Vasconcelos Silveira;IFCE;14;2013;2013-10-30 00:38:34
Gustavo Lima de Campos;UECE;14;2013;2013-10-30 00:38:34
Mariela Inés Cortés;UECE;14;2013;2013-10-30 00:38:34
Douglas Melo;Universidade do Vale do Itajaí;21;2013;2013-11-06 17:49:20
Michelle Wangham;Universidade do Vale do Itajaí;21;2013;2013-11-06 17:49:20
Cesar Zeferino;Universidade do Vale do Itajaí;21;2013;2013-11-06 17:49:20
Cesar Albenes Zeferino;Universidade do Vale do Itajaí;16;2013;2013-11-07 10:18:01
Sidnei Baron;Universidade do Vale do Itajaí;16;2013;2013-11-07 10:18:01
Michelle Silva Wangham;Universidade do Vale do Itajaí;16;2013;2013-11-07 10:18:01
André Assis Lôbo de Oliveira;Uiversidade Federal de Goiás;25;2013;2013-12-14 22:23:45
Celso G Camilo Junior;-;25;2013;2013-12-14 22:23:45
Auri Marcelo Rizzo Vincenzi;-;25;2013;2013-12-14 22:23:45
Eanes Torres Pereira;Universidade Federal de Campina Grande;14;2014;2014-05-06 09:47:47
Sidney Pimentel Eleutério;Universidade Estadual da Paraíba;14;2014;2014-05-06 09:47:47
João Marques Carvalho;Universidade Federal de Campina Grande;14;2014;2014-05-06 09:47:47
Leanderson André;Universidade do Estado de Santa Catarina - UDESC;45;2014;2014-06-27 16:53:28
Rafael Stubs Parpinelli;Universidade do Estado de Santa Catarina - UDESC;45;2014;2014-06-27 16:53:28
Geisla de Albuquerque Melo;Universidade Estadual de Ponta Grossa;8;2014;2014-07-04 03:09:18
Ivo Mario Mathias;Universidade Estadual de Ponta Grossa;8;2014;2014-07-04 03:09:18
Ariângelo Hauer Dias;Universidade Estadual de Ponta Grossa;8;2014;2014-07-04 03:09:18
Tiago Prado Oliveira;Universidade Federal de Uberlândia;18;2014;2014-07-22 09:26:43
Jamil Salem Barbar;Universidade Federal de Uberlândia;18;2014;2014-07-22 09:26:43
Alexsandro Santos Soares;Universidade Federal de Uberlândia;18;2014;2014-07-22 09:26:43
Thiago Assis de Oliveira Rodrigues;PUC MINAS;22;2014;2014-07-29 23:33:48
Larissa Fernandes Leijôto;PUC MINAS;22;2014;2014-07-29 23:33:48
Poliane C. Oliveira Brandão;Pontifícia Universidade Católica de Minas Gerais;22;2014;2014-07-29 23:33:48
Cristiane Neri Nobre;-;22;2014;2014-07-29 23:33:48
Thiago Teixeira Santos;Embrapa Agricultural Informatics;35;2014;2014-08-12 14:29:54
Tiago Jose de Carvalho;University of Campinas;25;2014;2014-08-10 10:20:31
Helio Pedrini;University of Campinas;25;2014;2014-08-10 10:20:31
Anderson de Rezende Rocha;University of Campinas;25;2014;2014-08-10 10:20:31
Santiago Viertel;Universidade Federal do Paraná (UFPR);23;2014;2014-08-19 22:48:59
André Luís Vignatti;Universidade Federal do Paraná (UFPR);23;2014;2014-08-19 22:48:59
Juliana Kaizer Vizzotto;Universidade Federal de Santa Maria;24;2014;2014-10-22 00:10:25
Bruno Crestani Calegaro;Instituto Federal de Santa Catarina;24;2014;2014-10-22 00:10:25
Carlos Henrique Villa Pinto;Universidade Federal de São Carlos (UFSCar);22;2014;2014-11-10 10:42:18
Bruno César Gregório da Silva;Universidade Federal de São Carlos (UFSCar);22;2014;2014-11-10 10:42:18
Paulo Guilherme de Lima Freire;Universidade Federal de São Carlos (UFSCar);22;2014;2014-11-10 10:42:18
Danielle Bernardes;Universidade Federal de Minas Gerais (UFMG);22;2014;2014-11-10 10:42:18
Juliana Carvalho Tavares;Universidade Federal de Minas Gerais (UFMG);22;2014;2014-11-10 10:42:18
Ricardo José Ferrari;Universidade Federal de São Carlos (UFSCar);22;2014;2014-11-10 10:42:18
Guilherme Chagas Kurtz;Centro Universitário Franciscano;14;2014;2014-11-20 08:34:28
Gustavo Stangherlin Cantarelli;Centro Universitário Franciscano;14;2014;2014-11-20 08:34:28
Michele Rorato Sagrillo;Centro Universitário Franciscano;14;2014;2014-11-20 08:34:28
Fernando Gomes Pires;Centro Universitário Franciscano;14;2014;2014-11-20 08:34:28
Maximiliano Cristiá;CIFASIS and UNR;19;2014;2014-12-20 12:07:30
Joaquín Cuenca;UNR;19;2014;2014-12-20 12:07:30
Claudia Frydman;LSIS-CIFASIS;19;2014;2014-12-20 12:07:30
Junior Silva Souza;Universidade Federal de Mato Grosso do Sul;21;2014;2014-12-29 14:56:28
Hemerson Pistori;Universidade Católica de Dom Bosco - UCDB;21;2014;2014-12-29 14:56:28
Marney Pascoli Cereda;Universidade Católica de Dom Bosco - UCDB;21;2014;2014-12-29 14:56:28
Wesley Nunes Gonçalves;Universidade Federal de Mato Grosso do Sul;21;2014;2014-12-29 14:56:28
Valguima Victoria Viana Aguiar Odakura;Universidade Federal da Grande DouradosFaculdade de Ciências Exatas e TecnologiaCurso de Sistemas de Informação;21;2014;2014-12-29 14:56:28
Nécio Lima Veras;Instituto Federal de Educação, Ciência e Tecnologia do Ceará;14;2015;2015-01-28 12:58:11
Mariela Inés Cortés;Universidade Estadual do Ceará;14;2015;2015-01-28 12:58:11
Anderson Couto Queiroz;Universidade Estadual do Ceará;14;2015;2015-01-28 12:58:11
Leandro L. C. de Souza;Instituto Federal de Educação do Maranhão;14;2015;2015-01-28 12:58:11
Simone de Oliveira Santos;Universidade Federal do Rio Grande do Norte, DIMAp;58;2015;2015-03-09 11:07:26
Martin Musicante;Universidade Federal do Rio Grande do Norte, DIMAp;58;2015;2015-03-09 11:07:26
Mirian Halfeld Ferrari Alves;Université d'Orléans, LIFO;58;2015;2015-03-09 11:07:26
Gustavo H. Czaikoski;Universidade Estadual do Centro-Oeste - UNICENTRO;22;2015;2015-04-15 16:28:05
Paulo R. Urio;Universidade Estadual do Centro-Oeste - UNICENTRO;22;2015;2015-04-15 16:28:05
Richard A. Gonçalves;Universidade Estadual do Centro-Oeste - UNICENTRO;22;2015;2015-04-15 16:28:05
Carolina P. Almeida;Universidade Estadual do Centro-Oeste - UNICENTRO;22;2015;2015-04-15 16:28:05
Josiel N. Kuk;Universidade Estadual do Centro-Oeste - UNICENTRO;22;2015;2015-04-15 16:28:05
Sandra M. Venske;Universidade Estadual do Centro-Oeste - UNICENTRO;22;2015;2015-04-15 16:28:05
Anderson Faustino da Silva;Universidade Estadual de Maringá;21;2015;2015-05-17 19:35:44
Vanderson Martins Rosario;Universidade Estadual de Maringá;21;2015;2015-05-17 19:35:44
Marlon De Oliveira Vaz;Instituto Federal do Paraná - IFPR / Universidade Tecnológica Federal do Paraná - UTFPR;16;2015;2015-06-01 11:08:14
Tania Mezzadri Centeno;Universidade Tecnológica Federal do Paraná - UTFPR;16;2015;2015-06-01 11:08:14
Myrian Regattieri Delgado;Universidade Tecnológica Federal do Paraná - UTFPR;16;2015;2015-06-01 11:08:14
Abilio Parada;UFRGS;19;2015;2015-06-01 16:22:00
Milena Marques;UFPel;19;2015;2015-06-01 16:22:00
Lisane B. de Brisolara;Universidade Federal de Pelotas;19;2015;2015-06-01 16:22:00
André Luiz de Castro Leal;Universidade Federal Rural do Rio de Janeiro;42;2015;2015-06-11 13:39:47
Henrique Prado Sousa;-;42;2015;2015-06-11 13:39:47
Julio César Sampaio do Prado Leite;-;42;2015;2015-06-11 13:39:47
Felipe Cesar Costa Alves;Instituto Federal de educação ciência e tecnologia do estado de Mato Grosso;32;2015;2015-06-12 02:50:40
Ed’ Wilson Tavares Ferreira;Instituto Federal de educação ciência e tecnologia do estado de Mato Grosso;32;2015;2015-06-12 02:50:40
Valtemir Emerencio Nascimento;Instituto Federal de educação ciência e tecnologia do estado de Mato Grosso;32;2015;2015-06-12 02:50:40
Ruy de Oliveira;Instituto Federal de educação ciência e tecnologia do estado de Mato Grosso;32;2015;2015-06-12 02:50:40
Esteban Walter Gonzalez Clua;Universidade Federal Fluminense;24;2015;2015-08-18 07:08:35
Marcelo Panaro Zamith;Universidade Federal Rural do Rio de Janeiro;24;2015;2015-08-18 07:08:35
Gladimir Baranoski;University of Waterloo;29;2015;2015-06-16 15:48:00
Tácito Trindade de Araújo Tiburtino Neves;Universidade Federal de Viçosa;30;2015;2015-06-16 23:31:35
Samuel G. Fadel;Universidade de São Paulo;30;2015;2015-06-16 23:31:35
Danilo Barbosa Coimbra;Universidade de São Paulo;30;2015;2015-06-16 23:31:35
Fernando Vieira Paulovich;Universidade de São Paulo;30;2015;2015-06-16 23:31:35
Avelino Ferreira Gomes Filho;Universidade Federal do Rio de Janeiro;26;2015;2015-07-08 20:45:53
Carlos Felippe Cardoso Resende;Universidade Federal do Rio de Janeiro;26;2015;2015-07-08 20:45:53
Rodrigo Toledo;Departamento de Ciência da Computação, Universidade Federal do Rio de Janeiro;26;2015;2015-07-08 20:45:53
Sandro Loiola Menezes;UNIVERSIDADE DO ESTADO DE SANTA CATARINA;32;2015;2015-08-24 11:10:32
Rebeca Schroeder Freitas;UNIVERSIDADE DO ESTADO DE SANTA CATARINA;32;2015;2015-08-24 11:10:32
Rafael Stubs Parpinelli;UNIVERSIDADE DO ESTADO DE SANTA CATARINA;32;2015;2015-08-24 11:10:32
Ítalo de Pontes Oliveira;Universidade Federal de Campina Grande (UFCG)/Laboratório de Visão Computacional (LVC);18;2015;2015-09-15 17:46:26
Eanes Torres Pereira;Universidade Federal de Campina Grande (UFCG)/Laboratório de Visão Computacional (LVC);18;2015;2015-09-15 17:46:26
Herman Martins Gomes;Universidade Federal de Campina Grande (UFCG)/Laboratório de Visão Computacional (LVC);18;2015;2015-09-15 17:46:26
Rafael Ribaldo;Universidade de São Paulo;28;2015;2015-10-04 22:29:39
Paula Christina Figueira Cardoso;-;28;2015;2015-10-04 22:29:39
Thiago Alexandre Salgueiro Pardo;-;28;2015;2015-10-04 22:29:39
Diego Nunes Molinos;Universidade Federal de Uberlândia - UFU;24;2015;2015-10-14 14:17:19
Daniel Gomes Mesquita;Universidade Federal do Pampa - UNIPAMPA;24;2015;2015-10-14 14:17:19
Debora Nayar Hoff;Universidade Federal do Pampa - UNIPAMPA;24;2015;2015-10-14 14:17:19
João Fabrício Filho;Universidade Tecnológica Federal do ParanáUniversidade Estadual de Maringá;20;2015;2015-10-27 23:58:53
Anderson Faustino da Silva;-;20;2015;2015-10-27 23:58:53
Samuel Portela Carvalho;Escola de Artes, Ciências e Humanidades – Universidade de São Paulo (EACH-USP);23;2015;2015-11-23 00:45:26
Ariane Machado Lima;USP;23;2015;2015-11-23 00:45:26
Helena Paula Brentani;Instituto de Psiquiatria da FMUSP;23;2015;2015-11-23 00:45:26
Décio Brunoni;Universidade Federal de São Paulo – Unifesp;23;2015;2015-11-23 00:45:26
Rodrigo Ambrósio Fock;Instituto de Psiquiatria da FMUSP;23;2015;2015-11-23 00:45:26
Fátima Lourdes Santos Nunes;Escola de Artes, Ciências e Humanidades – Universidade de São Paulo (EACH-USP);23;2015;2015-11-23 00:45:26
Ives Fernando Martins Santos de Moura;Departamento de EstatísticaUniversidade Federal da Paraíba;18;2015;2015-12-17 18:46:46
Ronei Marcos Moraes;Universidade Federal da Paraíba;18;2015;2015-12-17 18:46:46
Liliane Santos Machado;Universidade Federal da Paraíba;18;2015;2015-12-17 18:46:46
José do Nascimento Linhares;Universidade Estadual do Maranhão;15;2015;2015-12-29 14:07:46
Lúcio Flávio A. Campos;-;15;2015;2015-12-29 14:07:46
Ewaldo Eder Carvalho Santana;-;15;2015;2015-12-29 14:07:46
Jardiel Nunes Almeida;-;15;2015;2015-12-29 14:07:46
Flávia Larisse da Silva Fernandes;-;15;2015;2015-12-29 14:07:46
Douglas Detoni;UFPel;16;2016;2016-02-15 15:07:27
Cristian Cechinel;UFPel;16;2016;2016-02-15 15:07:27
Ricardo Araujo Matsumura;UFPel;16;2016;2016-02-15 15:07:27
Daniela Francisco Brauner;EA/UFRGS;16;2016;2016-02-15 15:07:27
Eduardo Cassiano Silva;Instituto Federal do Triângulo Mineiro;26;2016;2016-03-01 15:28:21
Jaqueline A. J. P. Soares;Instituto Federal do Triângulo Mineiro;26;2016;2016-03-01 15:28:21
Danielli Araújo Lima;-;26;2016;2016-03-01 15:28:21
Yule Vaz;Universidade de São Paulo - Instituto de Ciências Matemáticas e de Computação;27;2016;2016-04-20 12:53:54
Rodrigo Fernandes de Mello;Universidade de São Paulo - Instituto de Ciências Matemáticas e de Computação;27;2016;2016-04-20 12:53:54
Rodrigo Medeiros Duarte;Universidade Federal de Pelotas;16;2016;2016-04-29 13:07:37
André Rauber Du Bois;Universidade Federal de Pelotas;16;2016;2016-04-29 13:07:37
Maurício Lima Pilla;Universidade Federal de Pelotas;16;2016;2016-04-29 13:07:37
Renata Hax Sander Reiser;Universidade Federal de Pelotas;16;2016;2016-04-29 13:07:37
Adriana Bordini;UFPEL;28;2016;2016-04-29 21:26:43
Christiano Martino Otero Avila;UFPEL;28;2016;2016-04-29 21:26:43
Yuri Weisshahn;UFPEL;28;2016;2016-04-29 21:26:43
Mônica Marques da Cunha;UFPEL;28;2016;2016-04-29 21:26:43
Simone André da Costa Cavalheiro;UFPEL;28;2016;2016-04-29 21:26:43
Luciana Foss;UFPEL;28;2016;2016-04-29 21:26:43
Marilton Sanchotene Aguiar;UFPEL;28;2016;2016-04-29 21:26:43
Renata Hax Sander Reiser;-;28;2016;2016-04-29 21:26:43
Alexandre Santiago de Abreu;Universidade Federal do Rio de Janeiro;15;2016;2016-06-11 18:08:14
Matheus Manzoli Ferreira;UFF;15;2016;2016-06-11 18:08:14
Luis Antonio Brasil Kowada;UFF;15;2016;2016-06-11 18:08:14
Franklin de Lima Marquezino;UFRJ;15;2016;2016-06-11 18:08:14
Rogério Luis Rizzi;Universidade Estadual do Oeste do Paraná - UNIOESTE;23;2016;2016-06-16 09:08:58
Claudia Brandelero Rizzi;Universidade Estadual do Oeste do Paraná - UNIOESTE;23;2016;2016-06-16 09:08:58
Wesley Luciano Kaiser;Universidade Estadual do Oeste do Paraná - UNIOESTE;23;2016;2016-06-16 09:08:58
Petterson Vinícius Pramiu;Universidade de São Paulo - USP;23;2016;2016-06-16 09:08:58
Gustavo de Paula Avelar;Universidade Federal de Viçosa - Campus Rio Paranaíba;28;2016;2016-06-28 20:32:00
Murilo Coelho Naldi;Departamento de Computação, Universidade Federal de São Carlos, Rod. Washington Luís - Km 235 Caixa Postal 676, CEP 13565-905, São Carlos-SP;28;2016;2016-06-28 20:32:00
Luís Felipe Bilecki;Programa de Pós-Graduação em Computação Aplicada, Centro de Ciências Tecnológicas, Universidade do Estado de Santa Catarina,Caixa Postal 631 - Joinville, Santa Catarina, Brasil;29;2016;2016-11-08 19:48:06
Marcelo da Silva Hounsell;Departamento de Ciência da Computação (DCC), Programa de Pós-Graduação em Computação Aplicada, Centrode Ciências Tecnológicas, Universidade do Estado de Santa Catarina, Caixa Postal 631 - Joinville, Santa Catarina,Brasil;29;2016;2016-11-08 19:48:06
Adriano Fiorese;Departamento de Ciência da Computação (DCC), Programa de Pós-Graduação em Computação Aplicada, Centrode Ciências Tecnológicas, Universidade do Estado de Santa Catarina, Caixa Postal 631 - Joinville, Santa Catarina,Brasil;29;2016;2016-11-08 19:48:06
Félix Carvalho Rodrigues;Universidade Estadual de Campinas;31;2017;2017-02-24 07:47:37
Eduardo Xavier;-;31;2017;2017-02-24 07:47:37
Juccelino Rodrigues Alves Barros;Universidade Federal Rural de Pernambuco - UFRPE;16;2017;2017-03-10 09:54:23
Gustavo Almeida Callou;Universidade Federal Rural de Pernambuco - UFRPE;16;2017;2017-03-10 09:54:23
Glauco Gonçalves;Universidade Federal Rural de Pernambuco - UFRPE;16;2017;2017-03-10 09:54:23
Victor Wanderley;Universidade Federal Rural de Pernambuco - UFRPE;16;2017;2017-03-10 09:54:23
Henrique Casteletti;Universidade Federal de Pernambuco - UFPE;16;2017;2017-03-10 09:54:23
Davi Padilha Mesquita;Instituto de Informática - UFRGS;18;2017;2017-05-06 05:44:41
Marcelo Walter;Instituto de Informática - UFRGS;18;2017;2017-05-06 05:44:41
Eduardo Tiago Braun;Universidade Federal de Santa Maria;11;2017;2017-06-07 13:51:58
Alice de Jesus Kozakevicius;Universidade Federal de Santa Maria;11;2017;2017-06-07 13:51:58
Thiago Lopes Trugillo da Silveira;Universidade Federal do Rio Grande do Sul;11;2017;2017-06-07 13:51:58
Cesar Ramos Rodrigues;Universidade Federal de Santa Maria;11;2017;2017-06-07 13:51:58
Giovani Baratto;Universidade Federal de Santa Maria;11;2017;2017-06-07 13:51:58
Paulo André Lima de Castro;Intituto Tecnológico de Aeronáutica (ITA);15;2017;2017-07-14 15:01:20
Ronald Annoni Junior;Raifa Sistems InteligentesSão José dos Campos, SP, Brasil;15;2017;2017-07-14 15:01:20
Jaime Simão Sichman;Laboratório de Técnicas Inteligentes (LTI)3 Universidade de São Paulo (USP)São Paulo, SP, Brasil;15;2017;2017-07-14 15:01:20
Adilson Lopes Khouri;Universidade de São Paulo;8;2017;2017-07-17 19:16:32
Luciano Antonio Digiampietri;Universidade de São Paulo;8;2017;2017-07-17 19:16:32
Antônio Carlos Rocha Costa;UFRGS-FURG;14;2017;2017-07-18 10:34:07
Wilamis Kleiton Nunes da Silva;Universidade Federal Rural do Semi-Árido;29;2017;2017-07-26 13:14:27
Araken de Medeiros Santos;Universidade Federal Rural do Semi-Árido;29;2017;2017-07-26 13:14:27
Vinicius Montenegro Silva;Universidade Federal do RIo Grande - FURG;10;2017;2017-08-04 17:12:25
Marcos Vinicius Scholl;Centro de Ciências Computacionais - C3 - FURG;10;2017;2017-08-04 17:12:25
Diana Francisca Adamatti;Universidade Federal do RIo Grande - FURG;10;2017;2017-08-04 17:12:25
Diego Couto;Departamento de Informática e Estatística - INEUniversidade Federal de Santa Catarina - UFSC;17;2017;2017-07-30 12:01:18
Jerusa Marchi;Departamento de Informática e Estatística - INEPrograma de Pós-Graduação em Ciência da Computação - PPGCCUniversidade Federal de Santa Catarina - UFSC;17;2017;2017-07-30 12:01:18
Thiago Ângelo Gelaim;Programa de Pós-Graduação em Ciência da Computação - PPGCCUniversidade Federal de Santa Catarina - UFSC;17;2017;2017-07-30 12:01:18
Maíla Lima Claro;Universidade Federal do Piauí;7;2017;2017-09-10 19:32:08
Rodrigo de Melo Souza Veras;Universidade Federal do Piauí;7;2017;2017-09-10 19:32:08
André Macedo Santana;Universidade Federal do Piauí;7;2017;2017-09-10 19:32:08
Luis Henrique Silva Vogado;Universidade Federal do Piauí;7;2017;2017-09-10 19:32:08
Leonardo Pereira Sousa;Universidade Federal do Piauí;7;2017;2017-09-10 19:32:08
Emerson Bezerra de Carvalho;Universidade Federal do Rio Grande do Norte;18;2017;2017-09-13 12:01:53
Elizabeth Ferreira Gouvêa Goldbarg;Departamento de Informática e Matemática Aplicada, Universidade Federal do Rio Grande do Norte;18;2017;2017-09-13 12:01:53
Marco Cesar Goldbarg;Universidade Federal do Rio Grande do Norte;18;2017;2017-09-13 12:01:53
Daniel Scheidemantel Camargo;Universidade do Estado de Santa Catarina;23;2017;2017-09-13 15:53:11
Charles Christian Miers;Universidade do Estado de Santa Catarina;23;2017;2017-09-13 15:53:11
Maurício Aronne Pillon;Universidade do Estado de Santa Catarina;23;2017;2017-09-13 15:53:11
Guilherme Piêgas Koslovski;Universidade do Estado de Santa Catarina;23;2017;2017-09-13 15:53:11
Marco Aurélio Spohn;Universidade Federal da Fronteira Sul;8;2017;2017-10-25 19:29:05
Mateus Trebien;Universidade Federal da Fronteira Sul;8;2017;2017-10-25 19:29:05
Rian Dutra da Cunha;Universidade Federal de Juiz de Fora;14;2017;2017-11-13 18:39:17
Frâncila Weidt Neiva;Universidade Federal do Rio de Janeiro;14;2017;2017-11-13 18:39:17
Rodrigo Luis de Souza da Silva;Universidade Federal de Juiz de Fora;14;2017;2017-11-13 18:39:17
Mário Andrade Vieira Melo Neto;Instituto Federal do Rio Grande do Norte (IFRN);18;2017;2017-11-30 13:23:52
Gibeon Soares Aquino Junior;Universidade Federal do Rio Grande do Norte (UFRN);18;2017;2017-11-30 13:23:52
Charles Tim Batista Garrocho;Instituto Federal de Minas Gerais, Ponte Nova, Minas Gerais, Brasil;11;2017;2017-12-23 17:25:30
Jessé Pires Barbosa Rocha;Instituto Federal do Paraná, Goioerê, Paraná, Brasil;11;2017;2017-12-23 17:25:30
José Eduardo de Souza;Instituto Federal do Paraná, Goioerê, Paraná, Brasil;11;2017;2017-12-23 17:25:30
Matheus D'Eça Torquato;Instituto Federal de Alagoas (IFAL), Campus Arapiraca;11;2017;2017-12-24 01:02:53
Lucas Torquato;-;11;2017;2017-12-24 01:02:53
Paulo Maciel;-;11;2017;2017-12-24 01:02:53
Francisco Oliveira;Universidade Federal de Pernambuco;8;2018;2018-01-01 19:19:47
Eduardo Tavares;Universidade Federal de Pernambuco;8;2018;2018-01-01 19:19:47
Erica Sousa;Universidade Federal Rural de Pernambuco;8;2018;2018-01-01 19:19:47
Bruno Nogueira;Universidade Federal Rural de Pernambuco;8;2018;2018-01-01 19:19:47
Igor Magalhães Ribeiro;Universidade Federal de Juiz de Fora (UFJF);7;2018;2018-01-02 19:23:50
Carlos Cristiano Hasenclever Borges;Universidade Federal de Juiz de Fora (UFJF);7;2018;2018-01-02 19:23:50
Bruno Zonovelli Silva;Universidade Federal de Juiz de Fora (UFJF);7;2018;2018-01-02 19:23:50
Wagner Arbex;Universidade Federal de Juiz de Fora (UFJF) e Empresa Brasileira de Pesquisa Agropecuária (Embrapa);7;2018;2018-01-02 19:23:50
Arthur Lorenzi Almeida;Departamento de Ciência da Computação da Universidade Federal de Juiz de Fora (DCC/UFJF).;7;2018;2018-01-02 22:58:40
Vinícius Junqueira Schettino;Programa de Pós-graduação em Ciência da Computação da Universidade Federal de Juiz de Fora (PPGCC/UFJF).;7;2018;2018-01-02 22:58:40
Thiago Jesus Rodrigues Barbosa;Programa de Pós-graduação em Ciência da Computação da Universidade Federal de Juiz de Fora (PPGCC/UFJF);7;2018;2018-01-02 22:58:40
Pedro Fernandes Freitas;Departamento de Ciência da Computação da Universidade Federal de Juiz de Fora (DCC/UFJF).;7;2018;2018-01-02 22:58:40
Pedro Gabriel Silva Guimarães;Programa de Pós-graduação em Ciência da Computação da Universidade Federal de Juiz de Fora (PPGCC/UFJF).;7;2018;2018-01-02 22:58:40
Wagner Arbex;Empresa Brasileira de Pesquisa Agropecuária (Embrapa) e Universidade Federal de Juiz de Fora (UFJF).;7;2018;2018-01-02 22:58:40
Luís Eduardo Ramos de Carvalho;Graduate Program in Computer Science - Federal University of Santa Catarina, Florianópolis, Santa Catarina, Brazil.National Brazilian Institute for Digital Convergence - Federal University of Santa Catarina,  Florianópolis, Santa Catarina, Brazil.;15;2018;2018-01-23 15:58:36
Sylvio Luiz Mantelli Neto;Brazilian Institute for Space Research - INPE,   São José dos Campos, São Paulo, Brazil.National Brazilian Institute for Digital Convergence - Federal University of Santa Catarina,  Florianópolis, Santa Catarina, Brazil.;15;2018;2018-01-23 15:58:36
Eros Comunello;University of Itajai Valley - Univali, Itajaí, Santa Catarina, Brazil.National Brazilian Institute for Digital Convergence - Federal University of Santa Catarina,  Florianópolis, Santa Catarina, Brazil.;15;2018;2018-01-23 15:58:36
Antonio Carlos Sobieranski;Department of Computing - Federal University of Santa Catarina, Ararangua, Brazil.National Brazilian Institute for Digital Convergence - Federal University of Santa Catarina,  Florianópolis, Santa Catarina, Brazil.;15;2018;2018-01-23 15:58:36
Aldo von Wangenheim;Graduate Program in Computer Science - Federal University of Santa Catarina, Florianópolis, Santa Catarina, Brazil.National Brazilian Institute for Digital Convergence - Federal University of Santa Catarina,  Florianópolis, Santa Catarina, Brazil.;15;2018;2018-01-23 15:58:36
Francisca Aparecida Prado Pinto;Universidade Estadual do Rio Grande do Norte e a Universidade Federal Rural do Semi-árido.;16;2018;2018-01-30 18:41:17
Henrique Jorge Amorim Holanda;Universidade Estadual do Rio Grande do Norte;16;2018;2018-01-30 18:41:17
Giovanni Cordeiro Barroso;Universidade Federal do Ceará;16;2018;2018-01-30 18:41:17
Carla Katarina Marques;Universidade Estadual Rio Grande do Norte;16;2018;2018-01-30 18:41:17
Hudson Geovane de Medeiros;Universidade Federal do Rio Grande do Norte;16;2018;2018-02-20 18:53:27
Elizabeth Ferreira Gouvêa Goldbarg;Universidade Federal do Rio Grande do Norte;16;2018;2018-02-20 18:53:27
Marco Cesar Goldbarg;Universidade Federal do Rio Grande do Norte;16;2018;2018-02-20 18:53:27
Daniel Marques Gomes Morais;Instituto Federal de Educação, Ciência e Tecnologia de São Paulo (IFSP);22;2018;2018-02-25 20:13:41
Luciano Antonio Digiampietri;Universidade de São Paulo;22;2018;2018-02-25 20:13:41
Eduardo Henrique Silva;1 - Faculdade de Computação - Universidade Federal de Uberlândia, Uberlândia, MG, Brasil2 - Centro Universitário de Patos de Minas (UNIPAM), Patos de Minas, MG, Brasil;8;2018;2018-02-26 21:20:46
Jefferson Rodrigo de Souza;Faculdade de Computação - Universidade Federal de Uberlândia, Uberlândia, MG, Brasil;8;2018;2018-02-26 21:20:46
Bruno Augusto Nassif Travençolo;Faculdade de Computação - Universidade Federal de Uberlândia, Uberlândia, MG, Brasil;8;2018;2018-02-26 21:20:46
Camila Martins Saporetti;Federal University of Juiz de Fora;13;2018;2018-03-01 13:12:00
Grasiele Regina Duarte;Federal University of Juiz de Fora;13;2018;2018-03-01 13:12:00
Tales Lima Fonseca;Federal University of Juiz de Fora;13;2018;2018-03-01 13:12:00
Leonardo Goliatt da Fonseca;Federal University of Juiz de Fora;13;2018;2018-03-01 13:12:00
Egberto Pereira;Rio de Janeiro State University;13;2018;2018-03-01 13:12:00
Alane Marie de Lima;Federal University of Paraná (UFPR);16;2018;2018-03-01 17:14:53
Renato Carmo;Federal University of Paraná (UFPR);16;2018;2018-03-01 17:14:53
Samuel da Silva Feitosa;Universidade Federal de Pelotas;12;2018;2018-03-08 10:41:41
Rodrigo Geraldo Ribeiro;Universidade Federal de Ouro Preto;12;2018;2018-03-08 10:41:41
Andre Rauber Du Bois;Universidade Federal de Pelotas;12;2018;2018-03-08 10:41:41
Airton Orlandini Junior;-;13;2018;2018-04-17 15:26:18
Luciana Andréia Fondazzi Martimiano;-;13;2018;2018-04-17 15:26:18
Rafael Castro G. Silva;Universidade do Estado de Santa Catarina;13;2018;2018-04-29 13:44:39
Karina Girardi Roggia;Professora no curso de Bacharelado em Ciência da Computação da Universidade do Estado de Santa Catarina;13;2018;2018-04-29 13:44:39
Cristiano Damiani Vasconcellos;Professor no curso de Bacharelado em Ciência da Computação da Universidade do Estado de Santa Catarina;13;2018;2018-04-29 13:44:39
Bruno Well Dantas Morais;Universidade Federal de Uberlândia;14;2018;2018-04-30 01:04:13
Gina Maira Barbosa de Oliveira;Universidade Federal de Uberlândia;14;2018;2018-04-30 01:04:13
Tiago Ismailer de Carvalho;Universidade Federal de Uberlândia;14;2018;2018-04-30 01:04:13
Arthur Giesel Vedana;Instituto de InformáticaUniversidade Federal do Rio Grande do Sul;12;2018;2018-05-11 21:27:39
Rodrigo Machado;Instituto de InformáticaUniversidade Federal do Rio Grande do Sul;12;2018;2018-05-11 21:27:39
Álvaro Freitas Moreira;Instituto de InformáticaUniversidade Federal do Rio Grande do Sul;12;2018;2018-05-11 21:27:39
Márcio Sergio Soares Austregésilo;Federal Rural University of Pernambuco;17;2018;2018-06-02 00:48:23
Gustavo Callou;Department of Computing, Federal Rural University of Pernambuco, Brazil;17;2018;2018-06-02 00:48:23
Alfredo Silveira Araújo Neto;Techway Informática Ltda.;28;2018;2018-06-05 05:25:51
Marcos Negreiros;Universidade Estadual do Ceará;28;2018;2018-06-05 05:25:51
Marco Aurélio Spohn;Universidade Federal da Fronteira Sul;9;2018;2018-06-28 17:51:17
Matheus Henrique Trichez;-;9;2018;2018-06-28 17:51:17
Luciano Antonio Digiampietri;Universidade de São Paulo;10;2018;2018-07-15 09:38:08
Vivian Mayumi Yamassaki Pereira;Universidade de São Paulo;10;2018;2018-07-15 09:38:08
Geraldo José Santos-Júnior;Universidade de São Paulo;10;2018;2018-07-15 09:38:08
Giovani Sousa-Leite;Universidade de São Paulo;10;2018;2018-07-15 09:38:08
Priscilla Koch Wagner;Universidade de São Paulo;10;2018;2018-07-15 09:38:08
Leandro Márcio Moreira;Universidade Federal de Ouro Preto;10;2018;2018-07-15 09:38:08
Caio Rafael do Nascimento Santiago;Universidade de São Paulo;10;2018;2018-07-15 09:38:08
Gabriella Lopes Andrade;Universidade Federal do Pampa;9;2018;2018-07-23 19:38:04
Marcia Cristina Cera;Universidade Federal do Pampa;9;2018;2018-07-23 19:38:04
Diógenes Antonio Marques José;Universidade do Estado de Mato Grosso (UNEMAT);17;2018;2018-09-02 19:36:56
Renato F. Bulcão-Neto;Universidade Federal de Goiás (UFG), Brasil;17;2018;2018-09-02 19:36:56
Vinícius Sebba Patto;Universidade Federal de Goiás (UFG), Brasil;17;2018;2018-09-02 19:36:56
Iwens Gervásio Sene Júnior;Universidade Federal de Goiás (UFG), Brasil;17;2018;2018-09-02 19:36:56
Genildo Nonato Santos;instituto Federal de Educação, Ciência e Tecnologia do Rio de Janeiro;13;2018;2018-09-04 19:58:09
José Gabriel Rodriguez Carneiro Gomes;UFRJ;13;2018;2018-09-04 19:58:09
Rian Dutra Cunha;Universidade Federal de Juiz de Fora;9;2018;2018-09-06 15:17:29
Frâncila Weidt Neiva;Universidade Federal do Rio de Janeiro;9;2018;2018-09-06 15:17:29
Rodrigo Luis de Souza da Silva;Universidade Federal de Juiz de Fora;9;2018;2018-09-06 15:17:29
Antônio Carlos Rocha Costa;Universidade Federal do Rio Grande - FURG;13;2018;2018-09-09 10:47:12
Munyque Mittelmann;Universidade Federal de Santa Catarina;11;2018;2018-09-30 22:13:18
Jerusa Marchi;Universidade Federal de Santa Catarina;11;2018;2018-09-30 22:13:18
Aldo von Wangenheim;Universidade Federal de Santa Catarina;11;2018;2018-09-30 22:13:18
Rajeev Ranjan Yadav;Federal Rural University of Pernambuco;12;2018;2018-10-17 20:06:27
Gleidson A. S. Campos;Federal Rural University of Pernambuco;12;2018;2018-10-17 20:06:27
Erica Teixeira Gomes Sousa;Federal Rural University of Pernambuco;12;2018;2018-10-17 20:06:27
Fernando Aires Lins;Federal Rural University of Pernambuco;12;2018;2018-10-17 20:06:27
Felipe Fernandes Lima Melo;Universidade Federal Rural de Pernambuco;12;2018;2018-12-11 16:18:19
Joao Ferreira Silva Junior;Universidade Federal Rural de Pernambuco;12;2018;2018-12-11 16:18:19
Gustavo Rau de Almeida Callou;Universidade Federal Rural de Pernambuco;12;2018;2018-12-11 16:18:19
Wilson Castello Branco Neto;Instituto Federal de Educação, Ciência e Tecnologia de Santa Catarina;23;2018;2018-12-19 09:56:14
Andrey de Aguiar Salvi;Instituto Federal de Educação, Ciência e Tecnologia de Santa Catarina;23;2018;2018-12-19 09:56:14
William Passig de Souza;Instituto Federal de Educação, Ciência e Tecnologia de Santa Catarina;23;2018;2018-12-19 09:56:14
Alexandra Katiuska Ramos Diaz;Universidade de São Paulo;36;2018;2018-12-18 15:35:52
Sarajane Marques Peres;Universidade de São Paulo;36;2018;2018-12-18 15:35:52
Gilmário Barbosa Santos;UDESC;9;2018;2018-12-20 18:43:43
Antonio Rafael Braga;Universidade Federal do Ceará;11;2019;2019-03-06 18:46:41
Juliana de Castro Rabelo;Universidade Federal do Ceará;11;2019;2019-03-06 18:46:41
Arthur de Castro Callado;Universidade Federal do Ceará;11;2019;2019-03-06 18:46:41
Atslands Rego da Rocha;Universidade Federal do Ceará;11;2019;2019-03-06 18:46:41
Breno M. Freitas;Universidade Federal do Ceará;11;2019;2019-03-06 18:46:41
Danielo G. Gomes;Universidade Federal do Ceará;11;2019;2019-03-06 18:46:41
Agustín Alejandro Ortiz Díaz;Universidade do estado de Santa Catarina.;11;2019;2019-03-10 22:55:24
Isvani Inocencio Frías Blanco;LexisNexis Risk Solutions;11;2019;2019-03-10 22:55:24
Laura María Palomino Mariño;Pernambuco Federal University;11;2019;2019-03-10 22:55:24
Fabiano Baldo;Santa Catarina State University;11;2019;2019-03-10 22:55:24
Francisco Imperes Filho;Federal University of Piaui;13;2019;2019-03-28 15:59:32
Vinicius Ponte Machado;Departamento de Computacão, Universidade Federal do Piauí, Brasil;13;2019;2019-03-28 15:59:32
Rodrigo de Melo Souza Veras;Departamento de Computacao, Universidade Federal do Piauı, Brasil;13;2019;2019-03-28 15:59:32
Kelson Romulo Teixeira Aires;Departamento de Computacao, Universidade Federal do Piaui, Brasil;13;2019;2019-03-28 15:59:32
Aline Montenegro Leal Silva;Centro de Educacao Aberta e a Distancia, Universidade Federal do Piauı, Brasil;13;2019;2019-03-28 15:59:32
Thiago Rateke;Graduate Program in Computer Science (PPGCC), Federal University of Santa Catarina (UFSC).Image Processing and Computer Graphics Lab (Lapix) at Brazilian Institute for Digital Convergence (INCoD), Federal University of Santa Catarina (UFSC), Brazil.;14;2019;2019-04-01 17:44:38
Karla Aparecida Justen;Image Processing and Computer Graphics Lab (Lapix) at Brazilian Institute for Digital Convergence (INCoD), Federal University of Santa Catarina (UFSC), Brazil.;14;2019;2019-04-01 17:44:38
Aldo von Wangenheim;Graduate Program in Computer Science (PPGCC), Federal University of Santa Catarina (UFSC).Image Processing and Computer Graphics Lab (Lapix) at Brazilian Institute for Digital Convergence (INCoD), Federal University of Santa Catarina (UFSC), Brazil.;14;2019;2019-04-01 17:44:38
Carlos Melo;Federal University of Pernambuco;9;2019;2019-04-12 07:57:39
Jamilson Dantas;Federal University of Pernambuco;9;2019;2019-04-12 07:57:39
Ronierison Maciel;Federal University of Pernambuco;9;2019;2019-04-12 07:57:39
Paulo Silva;Federal University of Pernambuco;9;2019;2019-04-12 07:57:39
Paulo Maciel;Federal University of Pernambuco;9;2019;2019-04-12 07:57:39
Christian Moreira Matos;University of the Sinos Valley;14;2019;2019-04-23 15:51:54
Vítor Kehl Matter;University of the Sinos Valley;14;2019;2019-04-23 15:51:54
Fábio Viegas;University of the Sinos Valley;14;2019;2019-04-23 15:51:54
Márcio Garcia Martins;University of the Sinos Valley;14;2019;2019-04-23 15:51:54
João Elison Da Rosa Tavares;University of the Sinos Valley;14;2019;2019-04-23 15:51:54
Jorge Luis Victória Barbosa;University of the Sinos Valley;14;2019;2019-04-23 15:51:54
Flaviano Williams Fernandes;Instituto Federal do Paraná, Campus Irati;13;2019;2019-05-14 19:29:42
José Gomes Lopes Filho;Universidade Federal do Rio Grande do Norte;20;2019;2019-06-14 15:05:40
Marco Cesar Goldbarg;-;20;2019;2019-06-14 15:05:40
Elizabeth Ferreira Gouvêa Goldbarg;-;20;2019;2019-06-14 15:05:40
Vinícius Araújo Petch;-;20;2019;2019-06-14 15:05:40
Almir Pereira Guimarães;Federal University of Alagoas;8;2019;2019-06-26 11:03:17
Dênis da Silva Rodrigues;Federal University of Alagoas;8;2019;2019-06-26 11:03:17
Bruno Costa e Silva Nogueira;Federal University of Alagoas;8;2019;2019-06-26 11:03:17
Ygor Alcântara de Medeiros;UFRN;16;2019;2019-06-28 15:53:43
Marco Cesar Goldbarg;-;16;2019;2019-06-28 15:53:43
Elizabeth Ferreira Gouvêa Goldbarg;-;16;2019;2019-06-28 15:53:43
Taison Anderson Bortolin;University of Caxias do Sul;9;2019;2019-07-03 18:22:44
Lucas Moraes dos Santos;University of Caxias do Sul;9;2019;2019-07-03 18:22:44
Adriano Gomes da Silva;University of Caxias do Sul;9;2019;2019-07-03 18:22:44
Vania Elisabete Schneider;University of Caxias do Sul;9;2019;2019-07-03 18:22:44
Giovani Farias;FURG;14;2019;2019-07-07 16:20:27
Bruna Leitzke;FURG;14;2019;2019-07-07 16:20:27
Míriam Born;UFPel;14;2019;2019-07-07 16:20:27
Marilton Aguiar;UFPel;14;2019;2019-07-07 16:20:27
Diana Adamatti;FURG;14;2019;2019-07-07 16:20:27
Luís Gustavo Ludescher;Escola Politécnica da Universidade de São Paulo;10;2019;2019-07-25 18:34:42
Jaime Simão Sichman;Escola Politécnica da Universidade de São Paulo;10;2019;2019-07-25 18:34:42
Lucas Silveira Melo;Federal University of Ceará;8;2019;2019-07-31 21:00:14
Filipe Saraiva;-;8;2019;2019-07-31 21:00:14
Ruth Leão;-;8;2019;2019-07-31 21:00:14
Raimundo Furtado Sampaio;-;8;2019;2019-07-31 21:00:14
Giovanni Cordeiro Barroso;-;8;2019;2019-07-31 21:00:14
Marcos de Souza Oliveira;Universidade Federal de Pernambuco;11;2019;2019-09-01 01:07:26
Sergio Queiroz;Universidade Federal de Pernambuco;11;2019;2019-09-01 01:07:26
Ademir Batista Santos Neto;Univerisdade Federal Rural de Pernambuco;8;2019;2019-09-03 13:28:33
Tiago Alessandro Espindola Ferreira;Univerisdade Federal Rural de Pernambuco;8;2019;2019-09-03 13:28:33
Maria Conceição Moraes Batista;Univerisdade Federal Rural de Pernambuco;8;2019;2019-09-03 13:28:33
Paulo Renato Alves Firmino;Universidade Federal do Cariri;8;2019;2019-09-03 13:28:33
Saulo Popov Zambiasi;Universidade do Sul de Santa Catarina;10;2019;2019-10-15 15:00:37
Ricardo J. Rabelo;UFSC;10;2019;2019-10-15 15:00:37
Italo Ramon da Costa Campos;Universidade Federal do Pará;12;2019;2019-10-18 10:54:29
Filipe Saraiva;Universidade Federal do Pará;12;2019;2019-10-18 10:54:29
Paulo César Pereira Júnior;Federal University of Santa Catarina;13;2019;2019-11-01 15:25:03
Alexandre Monteiro;Federal University of Santa Catarina;13;2019;2019-11-01 15:25:03
Rafael da Luz Ribeiro;Federal University of Santa Catarina;13;2019;2019-11-01 15:25:03
Antonio Carlos Sobieranski;Federal University of Santa Catarina;13;2019;2019-11-01 15:25:03
Aldo von Wangenheim;Federal University of Santa Catarina;13;2019;2019-11-01 15:25:03
Guilherme Bayer Schneider;Centro de Desenvolvimento Tecnológico (CDTEC), Universidade Federal de Pelotas (UFPel), Pelotas, Rio Grande do Sul, Brasil;15;2019;2019-11-20 12:38:49
Bruno Moura Paz de Moura;Centro de Desenvolvimento Tecnológico (CDTEC), Universidade Federal de Pelotas (UFPel), Pelotas, Rio Grande do Sul, Brasil;15;2019;2019-11-20 12:38:49
Adenauer C Yamin;Centro de Desenvolvimento Tecnológico (CDTEC), Universidade Federal de Pelotas (UFPel), Pelotas, Rio Grande do Sul, Brasil;15;2019;2019-11-20 12:38:49
Renata Hax Sander Reiser;Centro de Desenvolvimento Tecnológico (CDTEC), Universidade Federal de Pelotas (UFPel), Pelotas, Rio Grande do Sul, Brasil;15;2019;2019-11-20 12:38:49
Ana Lúcia Cetertich Bazzan;Universidade Federal do Rio Grande do Sul;14;2019;2019-11-21 08:54:35
Andre Tavares da Silva;Universidade do Estado de Santa Catarina, Centro de Ciências Tecnológicas. Rua Paulo Malschitzki, s/numero - Campus Universitário Prof. Avelino MarcanteZona Industrial Norte89219-710 - Joinville, SC - BrasilTelefone: (47) 40097900Ramal: 7832Fax: (47) 40097940URL da Homepage: http://www.joinville.udesc.br/portal/professores/andretavares/;14;2019;2019-11-20 11:53:13
Cristiano Roberto Siebert;Universidade do Estado de Santa Catarina, Centro de Ciências Tecnológicas. Rua Paulo Malschitzki, s/numero - Campus Universitário Prof. Avelino MarcanteZona Industrial Norte89219-710 - Joinville, SC - BrasilTelefone: (47) 40097900Ramal: 7832Fax: (47) 40097940URL da Homepage: http://www.joinville.udesc.br/portal/professores/andretavares/;14;2019;2019-11-20 11:53:13
Alfio Ricardo Martini;Av. Marechal Andrea 11/210, Porto Alegre/RS/Brasil;17;2019;2019-11-25 15:25:23
Danilo Silva Alves;Universidade Federal do Rio Grande do Sul;11;2019;2019-12-10 18:18:12
Oseias Ayres Ferreira;Universidade Federal do Rio Grande do Sul;11;2019;2019-12-10 18:18:12
Lucio Mauro Duarte;Universidade Federal do Rio Grande do Sul;11;2019;2019-12-10 18:18:12
Davi Silva;Universidade Estadual do Ceará;11;2019;2019-12-10 18:18:12
Paulo Henrique Maia;Universidade Estadual do Ceará;11;2019;2019-12-10 18:18:12
Joan Davi Santos Silva;Universidade Estadual do Piauí (UESPI) -- Campus Alexandre Alves de Oliveira -- Parnaíba, PI -- Brazil;9;2020;2020-01-24 12:16:21
Jâina Carolina Meneses Calçada;Universidade Estadual Vale do Acaraú;9;2020;2020-01-24 12:16:21
Solange Oliveira Rezende;Universidade de São Paulo;9;2020;2020-01-24 12:16:21
Dario Brito Calçada;Universidade Estadual do Piauí;9;2020;2020-01-24 12:16:21
Christhian Henrique Gomes Fonseca;School of Electrical and Computer Engineering, University of Campinas;15;2020;2020-05-19 20:19:21
Tiago Tavares;School of Electric and Computer Engineering (FEEC), University of Campinas, Brazil;15;2020;2020-05-19 20:19:21
Luan Luiz Gonçalves;Federal University of São João del-Rei;12;2020;2020-06-15 23:55:50
Flávio Luiz Schiavoni;Federal University of São João del-Rei;12;2020;2020-06-15 23:55:50
Felipe Nedopetalski;Universidade Federal de Jataí;10;2020;2020-07-29 16:45:27
Joslaine Cristina Jeske de Freitas;Universidade Federal de Jataí;10;2020;2020-07-29 16:45:27
Zineb Lamghari;LRIT associated unit to CNRST (URAC 29), Rabat IT Center, Faculty of Sciences, Mohammed V University in Rabat, Morocco;16;2020;2020-08-30 02:59:48
Maryam Radgui;SI2M Laboratory and LRIT associated unit to CNRST, Rabat;16;2020;2020-08-30 02:59:48
Rajaa Saidi;SI2M Laboratory and LRIT associated unit to CNRST, Rabat;16;2020;2020-08-30 02:59:48
Moulay Driss Rahmani;LRIT associated unit to CNRST (URAC 29), Faculty of Sciences, Mohammed V University in Rabat, Morocco;16;2020;2020-08-30 02:59:48
Maicon Ança dos Santos;Universidade Federal de Pelotas;17;2020;2020-08-24 19:19:10
Gerson Geraldo H. Cavalheiro;Universidade Federal de Pelotas;17;2020;2020-08-24 19:19:10
Florian Spree;-;7;2020;2020-08-25 16:51:55
Carina Alves;Universidade Federal de Pernambuco;15;2020;2020-08-27 15:20:23
Higor Monteiro;Universidade de Pernambuco;15;2020;2020-08-27 15:20:23
Carlos Vicente Soares Araujo;Federal University of Amazonas;9;2020;2020-08-30 18:25:21
Marco Antônio Pinheiro de Cristo;Federal Univeristy of Amazonas;9;2020;2020-08-30 18:25:21
Rafael Giusti;Federal University of Amazonas;9;2020;2020-08-30 18:25:21
Guido Dutra de Oliveira;Computer Science DepartmentUniversity of Brasilia;16;2020;2020-08-30 22:22:28
Pedro Phelipe Gonçalves Porto;Programa de Pós-graduação em Tecnologia Ambiental e Recursos HídricosDepartamento de Engenharia Civil e Ambiental;16;2020;2020-08-30 22:22:28
Conceição de Maria Albuquerque Alves;Programa de Pós-graduação em Tecnologia Ambiental e Recursos HídricosDepartamento de Engenharia Civil e Ambiental;16;2020;2020-08-30 22:22:28
Celia Ghedini Ralha;Computer Science DepartmentInstitute of Exact ScienceUniversity of Brasília (UnB), Brazil;16;2020;2020-08-30 22:22:28
Fábio Carlos Moreno;Universidade Estadual do Norte do Paraná (UENP);13;2020;2020-08-31 21:23:11
Cinthyan Sachs C. de Barbosa;Universidade Estadual de Londrina (UEL);13;2020;2020-08-31 21:23:11
Edio Roberto Manfio;Faculdade de Tecnologia de Garça (FATEC-Garça-SP);13;2020;2020-08-31 21:23:11
Carolinne Roque e Faria;Universidade Estadual de Londrina;13;2020;2020-09-01 01:42:52
Cinthyan S. C. Barbosa;State University of Londrina, Computings Science Department;13;2020;2020-09-01 01:42:52
João Pedro Bernardino Andrade;-;10;2020;2020-08-31 21:32:09
Jose Everardo B. Maia;-;10;2020;2020-08-31 21:32:09
Gustavo Augusto L. de Campos;-;10;2020;2020-08-31 21:32:09
Thiago Valentim Bezerra;Universidade Federal Rural de Pernambuco;15;2020;2020-09-01 00:25:08
Wenderson de Souza Leonardo;Universidade Federal Rural de Pernambuco;15;2020;2020-09-01 00:25:08
Gabriel Alves de Albuquerque Júnior;Universidade Federal Rural de Pernambuco;15;2020;2020-09-01 00:25:08
Gustavo Rau de Almeida Callou;Universidade Federal Rural de Pernambuco;15;2020;2020-09-01 00:25:08
Tairone Nunes Magalhaes;Center for Research on Musical Gesture & Expression;11;2020;2020-09-02 10:18:08
Felippe Brandão Barros;Center for Research on Musical Gesture & Expression;11;2020;2020-09-02 10:18:08
Mauricio Alves Loureiro;Center for Research on Musical Gesture & Expression;11;2020;2020-09-02 10:18:08
Leonardo Araujo Zoehler Brum;Universidade Federal de Sergipe;8;2020;2020-09-05 11:23:49
Edward David Moreno;Universidade Federal de Sergipe;8;2020;2020-09-05 11:23:49
Alfredo Silveira Araújo Neto;Techway Informática Ltda.;15;2020;2020-09-12 17:06:25
Egon Lüftenegger;BusinessModelRadar.com;14;2020;2020-09-22 12:47:34
Riham Alhomsi;-;18;2020;2020-09-30 03:45:10
Adriana Santarosa Vivacqua;-;18;2020;2020-09-30 03:45:10
Alexandra Virgínia Valente da Silva;Instituto de Ciências Matemáticas e Computação da Universidade de São Paulo (ICMC – USP), São Carlos-SP, Brasil.;23;2020;2020-10-04 23:10:13
Carlos Manoel Pedro Vaz;Empresa Brasileira de Pesquisa Agropecuária - Embrapa (Embrapa Instrumentação) : São Carlos, São Paulo , Brasil;23;2020;2020-10-04 23:10:13
Ednaldo José Ferreira;Empresa Brasileira de Pesquisa Agropecuária - Embrapa (Embrapa Instrumentação) : São Carlos, São Paulo , Brasil;23;2020;2020-10-04 23:10:13
Rafael Galbieri;Instituto Mato-grossense do Algodão, Primavera do Leste-MT, Brasil.;23;2020;2020-10-04 23:10:13
Luiz Fernando Braz;-;11;2020;2020-12-18 13:03:31
Jaime Simão Sichman;-;11;2020;2020-12-18 13:03:31
Alan Keller Gomes;Instituto Federal de Goiás;16;2020;2020-12-22 00:46:11
Kaique Matheus Rodrigues Cunha;-;16;2020;2020-12-22 00:46:11
Guilherme Augusto da Silva Ferreira;-;16;2020;2020-12-22 00:46:11
Jeferson José Baqueta;Universidade Tecnológica Federal do Paraná;13;2021;2021-01-20 17:50:49
Miriam Mariela Mercedes Morveli-Espinoza;Universidade Tecnológica Federal do Paraná;13;2021;2021-01-20 17:50:49
Gustavo Alberto Giménez Lugo;Universidade Tecnológica Federal do Paraná;13;2021;2021-01-20 17:50:49
Cesar Augusto Tacla;Universidade Tecnológica Federal do Paraná;13;2021;2021-01-20 17:50:49
Rafhael R. Cunha;Federal University of the Santa Catarina;12;2021;2021-01-20 19:42:43
Jomi Fred Hübner;-;12;2021;2021-01-20 19:42:43
Maiquel de Brito;-;12;2021;2021-01-20 19:42:43
Lucas Fernando Souza de Castro;University of Campinas;9;2021;2021-01-20 23:57:48
Fabian Cesar Pereira Brandão Manoel;-;9;2021;2021-01-20 23:57:48
Vinicius Souza de Jesus;-;9;2021;2021-01-20 23:57:48
Carlos Eduardo Pantoja;-;9;2021;2021-01-20 23:57:48
Andre Pinz Borges;-;9;2021;2021-01-20 23:57:48
Gleifer Vaz Alves;-;9;2021;2021-01-20 23:57:48
Eanes Torres Pereira;Unidade Acadêmica de Sistemas e Computação, Centro de Engenharia Elétrica e Informática, Universidade Federal de Campina Grande;14;2021;2021-03-01 10:08:06
Geovane do Nascimento Silva;Unidade Acadêmica de Sistemas e Computação, Centro de Engenharia Elétrica e Informática, Universidade Federal de Campina Grande;14;2021;2021-03-01 10:08:06
Lucas Siqueira;-;13;2021;2021-03-09 18:20:09
Sandra Venske;-;13;2021;2021-03-09 18:20:09
Ricardo Kerschbaumer;Instituto Federal Catarinense - IFC eUniversidade Tecnológica Federal do Paraná - UTFPR;16;2021;2021-03-09 10:11:26
André Augusto Kaviatkovski;Universidade Tecnológica Federal do Paraná - UTFPR;16;2021;2021-03-09 10:11:26
Gabriel Rodrigues Garcia;Universidade Tecnológica Federal do Paraná - UTFPR;16;2021;2021-03-09 10:11:26
Carlos Raimundo Erig Lima;Universidade Tecnológica Federal do Paraná - UTFPR;16;2021;2021-03-09 10:11:26
Jean Marcelo Simão;Universidade Tecnológica Federal do Paraná - UTFPR;16;2021;2021-03-09 10:11:26
Otávio Augusto Maciel Camargo;Systems Development Center (CDS), Brasília, DF, Brazil;10;2021;2021-04-07 09:44:44
Julio Cesar Duarte;Military Institute of Engineering (IME), Rio de Janeiro, RJ, Brazil;10;2021;2021-04-07 09:44:44
Anderson Fernandes Pereira dos Santos;Military Institute of Engineering (IME), Rio de Janeiro, RJ, Brazil;10;2021;2021-04-07 09:44:44
Cesar Augusto Borges;Systems Development Center (CDS), Brasília, DF, Brazil;10;2021;2021-04-07 09:44:44
Rafaela de Amorim Barbosa Silva;Unidade Acadêmica de Sistemas e Computação, Centro de Engenharia Elétrica e Informática, Universidade Federal de Campina Grande;12;2021;2021-06-16 17:14:34
Eanes Torres Pereira;Unidade Acadêmica de Sistemas e Computação, Centro de Engenharia Elétrica e Informática, Universidade Federal de Campina Grande;12;2021;2021-06-16 17:14:34
Tiago Fernandes Tavares;UNICAMPAv. Albert Einstein, 400, CEP 13083-852, Campinas, SP, Brasil, Sala 311 | +55 19 3521-3773;3;2021;2021-07-07 19:40:02
Flávio Luiz Schiavoni;Universidade Federal de São João Del-Rei.Av. Visconde do Rio Preto, s/nº, Colônia do BengoVila São Paulo (Fábricas)36301360 - São João del Rei, MG - BrasilTelefone: (32) 33728192;3;2021;2021-07-07 19:40:02
Daniel Felix Brito;CTI Renato Archer, Campinas, São Paulo, Brasil;25;2021;2021-08-06 12:24:09
Jarbas Lopes Cardoso Júnior;CTI Renato Archer, Campinas, São Paulo, Brasil;25;2021;2021-08-06 12:24:09
Júlio Cesar dos Reis;Universidade Estadual de Campinas, Campinas, São Paulo, Brasil;25;2021;2021-08-06 12:24:09
Guilherme Ruppert;CTI Renato Archer, Campinas, São Paulo, Brasil;25;2021;2021-08-06 12:24:09
Rodrigo Bonacin Bonacin;Unifaccamp and CTI Renato Archer, Campinas, São Paulo, Brasil;25;2021;2021-08-06 12:24:09
Raphael Rocha da Silva;Interinstitutional Center for Computational Linguistics (NILC), Institute of Mathematical and Computer Sciences, University of São Paulo. São Carlos/SP, Brazil;23;2021;2021-09-14 10:41:15
Thiago Alexandre Salgueiro Pardo;Interinstitutional Center for Computational Linguistics (NILC), Institute of Mathematical and Computer Sciences, University of São Paulo. São Carlos/SP, Brazil;23;2021;2021-09-14 10:41:15
Gustavo Caetano Borges;Universidade Estadual de Campinas;10;2021;2021-10-07 17:09:00
Julio Cesar dos Reis;Universidade Estadual de Campinas;10;2021;2021-10-07 17:09:00
Claudia Bauzer Medeiros;Universidade Estadual de Campinas;10;2021;2021-10-07 17:09:00
Cleyton Ferreira Gonçalves;Departamento de Computação, Universidade Federal Rural de Pernambuco, Recife, Pernambuco, Brasil;20;2021;2021-10-09 02:41:58
Ermeson Carneiro Andrade;Departamento de Computação, Universidade Federal Rural de Pernambuco, Recife, Pernambuco, Brasil;20;2021;2021-10-09 02:41:58
Júlio Rodrigues de Mendonça Neto; Coordenação de Informática, Instituto Federal de Alagoas, Maceió, Alagoas, Brasil;20;2021;2021-10-09 02:41:58
Gustavo Rau de Almeida Callou;Departamento de Computação, Universidade Federal Rural de Pernambuco, Recife, Pernambuco, Brasil;20;2021;2021-10-09 02:41:58
Allan Matheus Marques dos Santos;Instituto Militar de Engenharia;10;2021;2021-11-29 15:37:34
Raquel Coelho Gomes  Pinto;Instituto Militar de Engenharia;10;2021;2021-11-29 15:37:34
Julio Cesar  Duarte;Instituto Militar de Engenharia;10;2021;2021-11-29 15:37:34
Bruno Richard  Schulze;National Laboratory of Scientific Computing;10;2021;2021-11-29 15:37:34
Joelson Miller Bezerra de Souza;Universidade Estadual do Maranhão;14;2022;2022-01-05 23:57:10
Patrícia Helena Moraes Rêgo;Universidade Estadual do Maranhão;14;2022;2022-01-05 23:57:10
Guilherme Bonfim Sousa;Universidade Estadual do Maranhão;14;2022;2022-01-05 23:57:10
Janes Valdo Rodrigues Lima;Universidade Estadual do Maranhão;14;2022;2022-01-05 23:57:10
Daniel W. S. Rocha;Instituto Federal de Minas Gerais;10;2022;2022-01-07 19:47:24
Eduardo Cardoso Melo;Instituto Federal de Minas Gerais;10;2022;2022-01-07 19:47:24
Bruno Alberto Soares Oliveira;Universidade Federal de Minas Gerais;10;2022;2022-01-07 19:47:24
Candy A.  Huanca-Anquise;Federal University of Rio Grande do Sul;12;2022;2022-03-18 12:46:32
Ana Lúcia Cetertich Bazzan;Federal University of Rio Grande do Sul;12;2022;2022-03-18 12:46:32
Anderson  R. Tavares;Federal University of Rio Grande do Sul;12;2022;2022-03-18 12:46:32
Rodrigo Henrique Cunha Palácios;Universidade Tecnológica Federal do Paraná;7;2022;2022-05-16 20:23:46
Ivan Nunes da Silva;Universidade de São Paulo;7;2022;2022-05-16 20:23:46
Wagner  Fontes Godoy;Universidade Tecnológica Federal do Paraná;7;2022;2022-05-16 20:23:46
Alfredo Silveira Araújo Neto;Techway Informática Ltda.;15;2022;2022-06-16 22:23:14
Carlo Kleber da Silva		 Rodrigues;Universidade Federal da Paraíba;9;2022;2022-06-22 08:31:05
Tiago  Costa; Instituto Politécnico de Castelo Branco;11;2022;2022-06-30 09:17:31
Luís  Santos;Instituto Politécnico de Castelo Branco;11;2022;2022-06-30 09:17:31
João M. L. P. Caldeira;Instituto Politécnico de Castelo Branco;11;2022;2022-06-30 09:17:31
Vasco N. G. J. Soares;Instituto Politécnico de Castelo Branco;11;2022;2022-06-30 09:17:31
 Pedro D.  Gaspar;Universidade da Beira Interior;11;2022;2022-06-30 09:17:31
Wagner da Silva Maciel  Sodré;Instituto Militar de Engenharia;11;2022;2022-07-11 19:24:39
Julio Cesar  Duarte;Instituto Militar de Engenharia;11;2022;2022-07-11 19:24:39
Lucas de Souza;Universidade Federal de Juiz de Fora;8;2022;2022-07-20 22:19:37
Heder Bernardino;Universidade Federal de Juiz de Fora;8;2022;2022-07-20 22:19:37
Jairo de Souza;Universidade Federal de Juiz de Fora;8;2022;2022-07-20 22:19:37
Alex Vieira;Universidade Federal de Juiz de Fora;8;2022;2022-07-20 22:19:37
Arthur Alexandre Artoni;Universidade Estadual de Londrina;17;2022;2022-07-31 15:02:02
Cinthyan Barbosa;Universidade Estadual de Londrina;17;2022;2022-07-31 15:02:02
 Marcelo Morandini;Universidade de São Paulo;17;2022;2022-07-31 15:02:02
Lilandra Maria de Oliveira;Federal University of Sao Paulo;13;2022;2022-08-14 15:57:54
Luiz Eduardo Galvão Martins;Federal University of Sao Paulo;13;2022;2022-08-14 15:57:54
Johnny Cardoso Marques;Technological Institute of Aeronautics;13;2022;2022-08-14 15:57:54
Vitor M. T.  Aleluia; Instituto Politécnico de Castelo Branco;12;2022;2022-09-16 07:56:54
Vasco N. G.  J. Soares;Instituto Politécnico de Castelo Branco;12;2022;2022-09-16 07:56:54
João M. L. P.  Caldeira;Instituto Politécnico de Castelo Branco;12;2022;2022-09-16 07:56:54
Pedro D.  Gaspar;Universidade da Beira Interior ;12;2022;2022-09-16 07:56:54
Lucas José Gonçalves Freitas;Universidade de Brasília;7;2022;2022-12-12 17:41:58
Pamella Sada Dias Edokawa;Secretaria de Gestao Estratégica, Supremo Tribunal Federal;7;2022;2022-12-12 17:41:58
Thaís Carvalho Valadares Rodrigues; Universidade de Bras´ılia;7;2022;2022-12-12 17:41:58
Ariane Hayana Thomé de Farias;Corregedoria Geral de Justic¸a, Tribunal de Justic¸a de Roraima;7;2022;2022-12-12 17:41:58
Euler Rodrigues de Alencar;Secretaria de Gestao Estratégica, Supremo Tribunal Federal ;7;2022;2022-12-12 17:41:58
João Fernandes;Instituto Politécnico de Castelo Branco;14;2023;2023-01-31 07:02:22
Pedro D. Gaspar;Universidade da Beira Interior;14;2023;2023-01-31 07:02:22
Eva Menino;Escola Superior de Saúde do Instituto Politécnico de Leiria;14;2023;2023-01-31 07:02:22
João M. L. P.  Caldeira;Instituto Politécnico de Castelo Branco;14;2023;2023-01-31 07:02:22
Vasco N. G. J. Soares;Instituto Politécnico de Castelo Branco;14;2023;2023-01-31 07:02:22
Miguel Gonçalves;Instituto Politécnico de Castelo Branco;13;2023;2023-01-31 08:56:45
Tomás Marques;Instituto Politécnico de Castelo Branco;13;2023;2023-01-31 08:56:45
Pedro D.  Gaspar;Universidade da Beira Interior;13;2023;2023-01-31 08:56:45
Vasco N. G. J. Soares;Instituto Politécnico de Castelo Branco;13;2023;2023-01-31 08:56:45
João M. L. P. Caldeira;Instituto Politécnico de Castelo Branco;13;2023;2023-01-31 08:56:45
Matheus Raffael Simon;State University of Western Parana;10;2023;2023-02-05 20:39:34
Adair Santa Catarina;State University of Western Parana;10;2023;2023-02-05 20:39:34
Adriane Yaeko Togashi;State University of Western Parana;10;2023;2023-02-05 20:39:34
Mariana Dourado X. S. Santos;Universidade Federal de Goiás;11;2023;2023-03-06 23:58:15
William Laus Bertemes;Universidade Federal de Goias;11;2023;2023-03-06 23:58:15
Iaan Mesquita de Souza;Universidade Federal de Goiás;11;2023;2023-03-06 23:58:15
Mateus Henrique B. Andrades;Universidade Federal de Goiás;11;2023;2023-03-06 23:58:15
Vinicius Sebba Patto;Universidade Federal de Goiás;11;2023;2023-03-06 23:58:15
