"Article ID","Article Title",Issue,"Date Published","Abstract Views","Total Galley Views",PDF,"PDF (Português (Brasil))","PDF ()","Sem título ()"
5683,"TVX - Time and Versions in XML","Vol. 14 No. 2 (2007)",2007-12-20,764,731,,731,,
5685,"Uma Proposta de Framework para Desenvolvimento de Aplicações Paralelas com Mobilidade","Vol. 14 No. 2 (2007)",2007-12-20,823,931,,931,,
5690,"Uma Introdução às Support Vector Machines","Vol. 14 No. 2 (2007)",2007-12-20,26344,51663,,51663,,
5691,"Técnicas probabilísticas para análise de yield em nível elétrico usando propagação de erros e derivadas numéricas","Vol. 14 No. 2 (2007)",2007-12-20,840,969,,969,,
5692,"Aplicação de Redes Neurais Artificiais na Classificação de Padrões Posturais em Crianças Respiradoras Bucais e Nasais","Vol. 14 No. 2 (2007)",2007-12-20,1810,2847,,2847,,
5693,"Performance Evaluation of CORBA Concurrency Control Service Using Stochastic Petri Nets","Vol. 14 No. 2 (2007)",2007-12-20,761,1047,,1047,,
5694,"Processos de Decisão de Markov: um tutorial","Vol. 14 No. 2 (2007)",2007-12-20,4903,9516,,9516,,
5695,"Aspectos sociotécnicos da computação: contextualizando o desenvolvimento de sistemas de computação com o modelo Mikropolis","Vol. 14 No. 2 (2007)",2007-12-20,1888,1691,,1691,,
5696,"Um Olhar Sociotécnico sobre a Engenharia de Software","Vol. 14 No. 2 (2007)",2007-12-20,2450,9613,,9613,,
5746,"Computer Vision and Graphics for Heritage Preservation and Digital Archaeology","Vol. 11 No. 1 (2004)",2004-06-25,751,1156,,1156,,
5759,Editorial,"Vol. 14 No. 2 (2007)",2007-12-20,539,554,,554,,
5956,"Revisores da RITA no JEMS","Vol. 14 No. 2 (2007)",2007-12-20,564,3064,,3064,,
5961,"An Introduction to Light Interaction with Human Skin","Vol. 11 No. 1 (2004)",2004-06-25,1446,1508,,1508,,
5962,"A Gentle Introduction to Predictive Filters","Vol. 11 No. 1 (2004)",2004-06-25,1157,9225,,9225,,
5963,"Java Advanced Imaging API: A Tutorial","Vol. 11 No. 1 (2004)",2004-06-25,1268,8010,,8010,,
5964,"Shader Programming: An Introduction Using the Effect Framework","Vol. 11 No. 1 (2004)",2004-06-25,763,2496,,2496,,
5978,"A Revista de Informática Teórica e Aplicada e as Tecnologias de Informação","Vol. 11 No. 2 (2004)",2004-12-20,616,724,,724,,
5979,"Uso de Aspectos para Verificar Regras de Instanciação de Frameworks","Vol. 11 No. 2 (2004)",2004-12-20,478,675,,675,,
5980,"AspectH: Uma Extensão Orientada a Aspectos de Haskel","Vol. 11 No. 2 (2004)",2004-12-20,742,776,,776,,
5981,"Making Medical Visual Information Available on the WEB","Vol. 11 No. 2 (2004)",2004-12-20,594,702,,702,,
5982,"Um Framework de Apoio à Colaboração no Projeto Distribuído de Sistemas Integrados","Vol. 11 No. 2 (2004)",2004-12-20,586,641,,641,,
5983,"Teorias da Aleatoriedade","Vol. 11 No. 2 (2004)",2004-12-20,852,9708,,9708,,
6011,"3D Compression: from A to Zip a first complete example","Vol. 15 No. 1 (2008)",2008-09-24,927,1056,,1056,,
6012,"Introdução ao XNA","Vol. 15 No. 1 (2008)",2008-09-24,818,2092,,2092,,
6014,"Steganography and Steganalysis in Digital Multimedia: Hype or Hallelujah?","Vol. 15 No. 1 (2008)",2008-09-24,996,842,,842,,
6015,"Navigation and Interaction in Graph Visualizations","Vol. 15 No. 1 (2008)",2008-09-24,795,1426,,1426,,
6016,"Dimensionality Reduction, Classification and Reconstruction Problems in Statistical Learning Approaches","Vol. 15 No. 1 (2008)",2008-09-24,863,802,,802,,
6024,Editorial,"Vol. 15 No. 1 (2008)",2008-09-24,476,494,,494,,
6025,"Editorial convidado","Vol. 15 No. 1 (2008)",2008-09-24,586,782,,782,,
6586,"Avaliação Pró-ativa da Deterioração de Sistemas de Informação por meio de Medidas de Gestão","Vol. 16 No. 1 (2009)",2010-03-08,557,0,,,,0
6865,Editorial,"Vol. 15 No. 3 (2008)",2009-04-17,548,526,,526,,
6867,"Guest Editors","Vol. 15 No. 3 (2008)",2009-04-17,624,520,,520,,
6998,"FORUM: Modelo e Linguagem para Especificação  de Regras em Ambientes Colaborativos","Vol. 15 No. 2 (2008)",2008-12-12,767,998,,998,,
6999,"Estabilidade de Classificadores de Decisão em Árvore Binária para Dados Imagem em Alta Dimensão","Vol. 15 No. 2 (2008)",2008-12-12,707,943,,943,,
7015,"On the Development and Evaluation of a Brazilian Portuguese Discourse Parser","Vol. 15 No. 2 (2008)",2008-12-12,1018,1066,,1066,,
7016,"Estratégias para a Combinação de Classificadores Binários em Soluções Multiclasses","Vol. 15 No. 2 (2008)",2008-12-12,1377,2123,,2123,,
7023,"Representação e Classificação de Texturas da Íris Baseada na Transformada Ótima de Gabor","Vol. 15 No. 2 (2008)",2008-12-12,707,938,,938,,
7024,"A Novel Method for Generating Scale Space Kernels Based on Wavelet Theory","Vol. 15 No. 2 (2008)",2008-12-12,764,869,,869,,
7029,"Proposta de Utilização do Diagrama de Seqüência para Definição de Casos de Teste de Unidade","Vol. 15 No. 2 (2008)",2008-12-12,885,2175,,2175,,
7031,"Reestruturação de Software Dirigida por Conectividade para Redução de Custo de Manutenção","Vol. 15 No. 2 (2008)",2008-12-12,1015,850,,850,,
7032,"Uma Proposta de Modelagem para a Generalização de Elos de Rastreabilidade","Vol. 15 No. 2 (2008)",2008-12-12,723,760,,760,,
7033,"Inspeção Automática de Defeitos em Madeiras de Pinus usando Visão Computacional","Vol. 15 No. 2 (2008)",2008-12-12,1121,1035,,1035,,
7146,Revisores,"Vol. 15 No. 2 (2008)",2008-12-12,576,1365,,505,,
7147,"Modelagem de Tráfego de Redes Utilizando Cascata Multifractal Generalizada","Vol. 15 No. 2 (2008)",2008-12-12,1333,1872,,1872,,
7148,Editorial,"Vol. 15 No. 2 (2008)",2008-12-12,524,478,,478,,
7386,"Posicionamento de Circuitos 3D Considerando o  Planejamento de 3D-Vias","Vol. 19 No. 1 (2012)",2012-06-14,860,917,,917,,
7522,"Gerenciando Alterações em Documentos XML","Vol. 17 No. 3 (2010)",2011-03-30,806,1176,,1176,,
7796,"Avaliação Pró-ativa da Deterioração de Sistemas de Informação por meio de Medidas de Gestão","Vol. 16 No. 1 (2009)",2010-03-08,594,0
7857,"Teoria espaço-escala: conceitos e abordagens","Vol. 17 No. 1 (2010)",2011-03-30,1295,1700,,1700,,
8046,"Desenvolvimento de uma rede neuro-fuzzy para predição da temperatura retal de frangos de corte","Vol. 17 No. 2 (2010)",2011-03-30,683,1426,,1426,,
8168,"Introdução à Programação de Propósito Geral em Hardware Gráfico","Vol. 17 No. 2 (2010)",2011-03-30,3419,2348,,2348,,
8260,"A Journey through Virtual and Augmented Reality - Reviewing the SVR Symposia from 2004 to 2008","Vol. 15 No. 3 (2008)",2009-04-17,687,713,,713,,0
8261,"The Design of a Graphics Engine for the Development of Virtual Reality Applications","Vol. 15 No. 3 (2008)",2009-04-17,876,3197,,3197,
8263,"Designing and implementing an Spatial Augmented Reality X-Ray","Vol. 15 No. 3 (2008)",2009-04-17,620,1384,,1384,
8265,"A Conceptual Image-Based Data Glove for Computer-Human Interaction","Vol. 15 No. 3 (2008)",2009-04-17,829,1952,,760,
8266,"A Software Framework to Create 3D Browser-Based Speech Enabled Applications","Vol. 15 No. 3 (2008)",2009-04-17,880,1338,,1338,
8441,"SWEETS: um Sistema de Recomendação de Especialistas aplicado a uma plataforma de Gestão de Conhecimento","Vol. 18 No. 1 (2011)",2011-05-11,813,947,,947,
8522,"Uma Revisão Sobre Combinação de Agrupamentos","Vol. 16 No. 2 (2009)",2010-03-31,940,1536,,1536,
8611,"Combinando Modelos de Interação para Melhorar a Coordenação em Sistemas Multiagente","Vol. 18 No. 1 (2011)",2011-05-11,829,661,,661,
9009,"Uma abordagem estrutural para calcular similaridade entre conceitos de ontologias","Vol. 17 No. 2 (2010)",2011-03-30,903,2207,,2207,
9644,"Aplicação de redes neurais ART e análise de textura para a classificação do estado de alteração de agregados minerais","Vol. 17 No. 1 (2010)",2011-03-30,786,1461,,1461,
10082,"Geração de Testes de Desempenho e Estresse a partir de Testes Funcionais","Vol. 17 No. 2 (2010)",2011-03-30,747,2889,,2889,
10385,"TSML: A XML-based Format for Exchange of Training Samples for Pattern Recognition in Remote Sensing Images","Vol. 17 No. 1 (2010)",2011-03-30,912,1349,,1349,
11066,"Implantação de Medição no Processo de Desenvolvimento de Software – Relato de Experiência e Lições Aprendidas","Vol. 17 No. 3 (2010)",2011-03-30,795,1383,,1383,
11221,"Identificação da Autoria de Manuscritos com Base em Atributos Genéticos e Genéricos da Escrita","Vol. 17 No. 2 (2010)",2011-03-30,1361,782,,782,
11296,"Ambiente Virtual Interativo com Colisão e Deformação de Objetos para Treinamento Médico","Vol. 18 No. 2 (2011)",2011-08-05,922,1246,,1246,
11384,"QOC*: utilizando Design Rationale como ferramenta para gerenciar conhecimento em projetos de software","Vol. 16 No. 2 (2009)",2010-03-31,1029,858,,858,
11467,"Uso da ferramenta PreText para mineração de textos extraídos do NCBI para estudo epistemológico da Informática em Saúde","Vol. 16 No. 1 (2009)",2010-03-08,931,1187,,1187,
11468,"ALUPAS: Avaliação de desempenho e consumo de energia de softwares para sistemas embarcados","Vol. 16 No. 1 (2009)",2010-03-08,1023,1204,,1204,
11469,"Avaliação Pró-ativa da Deterioração de Sistemas de Informação por meio de Medidas de Gestão","Vol. 16 No. 1 (2009)",2010-03-08,583,648,,648,
11471,"High Performance Computing: CUDA as a Supporting Technology for Next Generation Augmented Reality Applications","Vol. 16 No. 1 (2009)",2010-03-08,802,1436,1436,,
11473,"Efeitos Visuais, uma Abordagem a Partir do Processamento Digital de Imagens","Vol. 16 No. 1 (2009)",2010-03-08,1656,3814,,3814,
11477,"Tutorial: Introdução à Visão Computacional usando OpenCV","Vol. 16 No. 1 (2009)",2010-03-08,22926,27564,,27564,
11607,"Análise do Controle Motor com Interações usando Dispositivos Convencionais e Realidade Aumentada","Vol. 17 No. 2 (2010)",2011-03-30,1204,4449,,4449,
11631,"Variation Detection applied in User Signature Verification","Vol. 17 No. 1 (2010)",2011-03-30,811,756,,756,
11662,"Aprendizado e Controle de Robôs Móveis Autônomos Utilizando Atenção Visual","Vol. 17 No. 3 (2010)",2011-03-30,838,1460,,1460,
11695,"Estratégias de Atualização de Políticas para a Coordenação de Agentes Baseados em Enxames","Vol. 17 No. 3 (2010)",2011-03-30,558,568,,568,
12104,"Estimação de Probabilidade de Perda de Dados em Redes Através de Modelagem Multifractal de Tráfego e Teoria de Muitas Fontes","Vol. 18 No. 1 (2011)",2011-05-11,694,1378,,1378,
12119,"Desenvolvimento e Avaliação de um Protocolo Eletrônico para Atendimento e Monitoramento do Paciente com Doença Celíaca","Vol. 17 No. 2 (2010)",2011-03-30,6768,5946,,5946,
12327,"Snake-3D na Modelagem Tridimensional e Medição do Comprimento de Arcos Elétricos","Vol. 18 No. 1 (2011)",2011-05-11,736,720,,720,
12361,"Editorial: 20 anos da Revista de Informática Teórica e Aplicada","Vol. 16 No. 1 (2009)",2010-03-08,637,1232,,1232,
12362,"Prefácio à Seção Especial dos Tutoriais do SIBGRAPI'08","Vol. 16 No. 1 (2009)",2010-03-08,474,606,,606,
12509,"Quantools: A MDA transformation approach","Vol. 16 No. 2 (2009)",2010-03-31,704,847,847,,
12569,"HiME: Hierarchical i* Modeling Editor","Vol. 16 No. 2 (2009)",2010-03-31,907,926,926,,
12570,"An Ontology-Based Framework for Heterogeneous Data Sources Integration","Vol. 16 No. 2 (2009)",2010-03-31,880,1296,1296,,
12571,"A Temporal-Rule Based Verification System for Business Collaboration Reliability","Vol. 16 No. 2 (2009)",2010-03-31,709,866,866,,
12572,"Semantic Web and Knowledge Management in User Data Privacy","Vol. 16 No. 2 (2009)",2010-03-31,818,784,784,,
12573,"MatchMaking – A Tool to Match OWL Schemas","Vol. 16 No. 2 (2009)",2010-03-31,586,850,850,,
12576,"Web Information Extraction by Semantic Tagging","Vol. 16 No. 2 (2009)",2010-03-31,855,639,639,,
12577,"SAMSTARplus: An Automatic Tool for Generating Multi- Dimensional Schemas from an Entity-Relationship Diagram","Vol. 16 No. 2 (2009)",2010-03-31,930,1458,1458,,
12578,"An Approach for Reducing the Gap between BPMN Models and Implementation Artifacts","Vol. 16 No. 2 (2009)",2010-03-31,968,1273,1273,,
12579,"A Frame-Based System for Automatic Classification of Semi- Structured Data","Vol. 16 No. 2 (2009)",2010-03-31,734,722,722,,
12580,"Dealing with Uncertainty in Lexical Annotation","Vol. 16 No. 2 (2009)",2010-03-31,764,845,845,,
12581,"Towards Generating Richer Code by Binding Security Abstractions to BPMN Task Types","Vol. 16 No. 2 (2009)",2010-03-31,846,1078,1078,,
12582,"An Eclipse-based Tool for Model Driven Web Applications with Personalization Support","Vol. 16 No. 2 (2009)",2010-03-31,1348,1073,308,,765
12583,"Conceptual Modeling: the Linguistic Approach","Vol. 16 No. 2 (2009)",2010-03-31,851,781,781,,
12584,"UMLtoSBVR: An SBVR-based tool to validate UML conceptual schemas","Vol. 16 No. 2 (2009)",2010-03-31,988,842,842,,
12585,"The Animated Database Courseware (ADbC) and the Database Design Module","Vol. 16 No. 2 (2009)",2010-03-31,670,1048,1048,,
12586,"Aumento de Resolução Temporal de Sequências de Imagens do Trato Vocal por meio de Registro das Imagens","Vol. 16 No. 2 (2009)",2010-03-31,691,1068,,1068,
12587,"Eliminação de Ruído Impulsivo Usando um Filtro Mediano Seletivo e Difusão Isotrópica","Vol. 16 No. 2 (2009)",2010-03-31,877,3584,,3584,
12588,"HSM: A New Color Space used in the Processing of Color Images","Vol. 16 No. 2 (2009)",2010-03-31,1396,2183,2183,,
12590,"An Approach Based on Maintainability Criteria for Building Aspect-Oriented Software Design Model","Vol. 16 No. 2 (2009)",2010-03-31,1197,1657,1657,,
12631,Editorial,"Vol. 16 No. 2 (2009)",2010-03-31,445,554,,554,
12643,"Avaliação do Desempenho da Utilização de Threads em user level em Linux","Vol. 18 No. 1 (2011)",2011-05-11,878,2359,,2359,
12669,"Modelo Estatístico para a Determinação do Número Ótimo de Iterações  do Filtro de Difusão Anisotrópica Aplicado à Redução de Ruído de  Imagens de Ressonância Magnética do Cérebro","Vol. 17 No. 1 (2010)",2011-03-30,646,862,,862,
12923,"Inteligência Swarm e Equilíbrio de Verhulst Aplicados à Alocação de Potência em Redes Ópticas CDMA Particionadas","Vol. 18 No. 2 (2011)",2011-08-05,625,829,,829,
12943,"Integração de evidências em redes credais e a regra de Jeffrey","Vol. 18 No. 2 (2011)",2011-08-05,1153,812,,812,
13764,"Tutorial sobre Fuzzy-c-Means e Fuzzy Learning Vector Quantization: Abordagens Híbridas para Tarefas de Agrupamento e Classificação","Vol. 19 No. 1 (2012)",2012-06-14,1941,6311,,6311,
15126,"Um Arcabouço para Desenvolvimento de Algoritmos da Análise Formal de Conceitos","Vol. 18 No. 1 (2011)",2011-05-11,861,1004,,1004,
15581,"Detecção de Inclinação em Imagens de Documentos","Vol. 17 No. 1 (2010)",2011-03-30,603,1568,,1568,
16413,"Usando CSP, RSL e o Modelo PopOrg na Especificação Formal de Organizações de SMAs","Vol. 17 No. 3 (2010)",2011-03-30,580,789,,789,
16572,"Aplicação de Agentes BDI com Percepção Fuzzy em um Modelo Presa-Predador Fuzzy","Vol. 17 No. 3 (2010)",2011-03-30,651,883,,883,
16730,"Um Sistema de Apoio à Decisão Baseado em Agentes para Tratamento de Ocorrências no Setor Elétrico","Vol. 17 No. 2 (2010)",2011-03-30,834,1043,,1043,
16996,"Identifying people who are talking about the same topic in social networks, even having a different cultural background","Vol. 17 No. 2 (2010)",2011-03-30,839,1114,,1114,
17679,"Planejamento de um Serious Games Voltado para Saúde Bucal em Bebês","Vol. 18 No. 1 (2011)",2011-05-11,1840,2509,,2509,
18244,"Comparative Analyses of Power Consumption in Arithmetic Algorithms Implementation","Vol. 18 No. 2 (2011)",2011-08-05,936,1904,,1904,
19730,"Detecção e Correção Automática de Estilos de Aprendizagem em Sistemas Adaptativos para Educação","Vol. 18 No. 2 (2011)",2011-08-05,1461,2094,,2094,
20020,"Sistema Pervasivo de Informação em Saúde Projetado para ser Programado pelo Usuário Clínico","Vol. 20 No. 1 (2013)",2013-01-17,723,1261,,1261,
20688,"Protocolo de Leilões Simultâneos com Escalonamento: Aplicação ao Problema de Planejamento de Movimentações de Derivados de Petróleo","Vol. 19 No. 1 (2012)",2012-06-14,689,859,,859,
20816,"Utilização do Caminhamento Aleatório na Identificação de Características de Documentos na Língua Portuguesa","Vol. 19 No. 1 (2012)",2012-06-14,712,998,,998,
21062,"Uma Arquitetura Aberta e Orientada a Serviços para Softwares Assistentes Pessoais","Vol. 19 No. 1 (2012)",2012-06-14,993,1221,,1221,
21506,"LTI Agent Rescue: A Partial Global Approach for Task Allocation in the RoboCup Rescue","Vol. 19 No. 1 (2012)",2012-06-14,1397,939,,939,
21979,"Estudo do Padrão Avançado de Criptografia AES – Advanced Encryption Standard","Vol. 20 No. 1 (2013)",2013-01-17,3396,13048,,13048,
23471,"Combinando Workflows e Semântica para Facilitar o Reuso de Software","Vol. 20 No. 2 (2013)",2013-05-13,718,1293,,877,416
25070,"Common Dissimilarity Measures are Inappropriate for Time Series Clustering","Vol. 20 No. 1 (2013)",2013-01-17,1149,5103,,5103
25202,"From UML to SIMULINK CAAM: Formal Specification and Transformation Analysis","Vol. 20 No. 1 (2013)",2013-01-17,979,1198,,1198
25210,"A Graph Grammar to Transform a Dataflow Graph into a Multithread Graph and its Application in Task Scheduling","Vol. 20 No. 1 (2013)",2013-01-17,824,1414,,1414
25515,"Métodos Computacionais e Estatísticos no Estudo das Ondas de Frequência dos Sinais Eletroencefalográficos e o Envelhecimento: uma Abordagem Através da Análise Linear do Discriminante","Vol. 20 No. 2 (2013)",2013-05-13,776,1764,,1764
25646,"Seleção Automática de Casos de Teste de Regressão Baseada em Similaridade e Valores","Vol. 20 No. 2 (2013)",2013-05-13,894,1388,,1388
25720,"Generating Integration Test Orders for Aspect Oriented Software with Multi-objective Algorithms","Vol. 20 No. 2 (2013)",2013-05-13,896,904,,904
25803,"Compilação Just-In-Time: Histórico, Arquitetura, Princípios e Sistemas","Vol. 20 No. 2 (2013)",2013-05-13,1297,1765,,1765
25876,"Aplicação de Modelos Intencionais e Sistemas Multiagentes para Estabelecer Políticas de Monitoração de Transparência de Software","Vol. 20 No. 2 (2013)",2013-05-13,876,921,,921
25948,"Um Sistema para Inspeções de Garantia da Qualidade Baseado em Ontologias e Agentes","Edição Suplementar - v. 20, n. 3 (2013)",2013-11-06,877,1100,,1100
25965,"Avaliação de Desempenho da Política EBS para Escalonamento em Aplicações com Restrições de Máximo Tempo Médio de Resposta","Vol. 21 No. 1 (2014)",2014-05-12,631,727,,727
26055,"Uma introdução ao tema Recuperação de Informações Textuais","Vol. 20 No. 2 (2013)",2013-05-13,1661,2554,,2554
26211,"Intrusion Detection in Unstructured Contexts Using On-line Clustering and Novelty Detection","Vol. 20 No. 2 (2013)",2013-05-13,758,738,,738
26274,"PColorAnt3-RT: Um Algoritmo ACO Paralelo para Coloração de Grafos","Vol. 20 No. 1 (2013)",2013-01-17,730,935,,935
26296,"Decision making for a delivery robot through a fuzzy system","Vol. 20 No. 2 (2013)",2013-05-13,782,1071,,1071
26421,"Serviços em Redes Futuras: Objetivos, Tecnologias e Comparação de Iniciativas","Vol. 20 No. 2 (2013)",2013-05-13,1005,722,,722
26629,"Um Sistema de Realização Superficial para Geração de Textos em Português","Edição Suplementar - v. 20, n. 3 (2013)",2013-11-06,775,950,,950
26905,"Deterministic and efficient minimal perfect hashing schemes","Vol. 20 No. 2 (2013)",2013-05-13,780,1632,975,657
27556,"Uma Abordagem para Jogos Bayesianos Fuzzy com base na  Probabilidade Fuzzy de Buckley","Vol. 20 No. 1 (2013)",2013-01-17,683,741,,741
28371,"Uma Avaliação do Esquema de Gerenciamento de Chave Baseado em Identidade Identity Key Management","Vol. 20 No. 1 (2013)",2013-01-17,776,1073,,1073
29997,"Simulação do Espalhamento da Influenza na Cidade de Cascavel-PR Utilizando Agentes Computacionais","Vol. 19 No. 2 (2012)",2013-01-07,721,814,,814
30242,"Independent learners in abstract traffic scenarios","Vol. 19 No. 2 (2012)",2013-01-07,767,1091,,1091
30317,"Aplicando Conceitos de Sistemas Multiagentes na Elaboração de um Jogo de Estratégia Simulado","Vol. 19 No. 2 (2012)",2013-01-07,737,1990,,1990
30492,"Extending the RoboCup Rescue to Support Stigmergy: Experiments and Results","Vol. 19 No. 2 (2012)",2013-01-07,703,736,,736
31690,"On the Influence of  Latent Semantic Analysis Parameterization for  Bug Localization","Edição Suplementar - v. 20, n. 3 (2013)",2013-11-06,900,880,,880
33065,"Modelagem de Tráfego VoIP Utilizando Misturas Gaussianas Ajustadas por Algoritmo de Maximização de Esperança e Comprimento de Descrição Mínimo","Edição Suplementar - v. 20, n. 3 (2013)",2013-11-06,762,771,,771
36371,"Aplicação de Modelos de Aprendizado Semissupervisionado na Classificação de Imagens de Sensoriamento Remoto","Vol. 20 No. 2 (2013)",2013-05-13,960,2004,,2004
36756,"Prolog: A Linguagem, A Máquina Abstrata de Warren e Implementações","Vol. 20 No. 2 (2013)",2013-05-13,1548,3724,,3724
36801,"Seleção de Transformações Baseada em Estatística","Edição Suplementar - v. 20, n. 3 (2013)",2013-11-06,782,661,,661
36851,"Teste de Linha de Produto de Software Baseado em Mutação de Variabilidades","Vol. 21 No. 1 (2014)",2014-05-12,725,924,,924
37349,"Analysis of Using Metric Access Methods for Visual Search of Objects in Video Databases","Vol. 21 No. 1 (2014)",2014-05-12,902,848,848,
37768,"Filtragem Wavelet de Sinais Cardíacos através de Algoritmos Adaptativos","Edição Suplementar - v. 20, n. 3 (2013)",2013-11-06,699,869,,869
37870,"Uma Estratégia Baseada em Difusão de Informação para Determinação de Conteúdos Relevantes e Usuários Influentes em Redes Sociais","Edição Suplementar - v. 20, n. 3 (2013)",2013-11-06,690,1085,,1085
39702,"Support Vector Machines and Kernel Functions for Text Processing","Edição Suplementar - v. 20, n. 3 (2013)",2013-11-06,1063,4079,4079,
40202,"Assessing the Semiotic Inspection Method – The Evaluators’ Perspective","Edição Suplementar - v. 20, n. 3 (2013)",2013-11-06,1773,1188,,1188
40994,"Expressiveness of Automatic Semantic Web Service Composition Approaches: A Survey based on Workﬂow Patterns","Vol. 21 No. 1 (2014)",2014-05-12,696,1181,1181,
41936,"Introdução aos Sistemas de Recomendação para Grupos","Vol. 21 No. 1 (2014)",2014-05-12,1218,1779,1779,
43300,"Seleção de Casos de Teste para Agentes Racionais","Vol. 21 No. 1 (2014)",2014-05-12,714,921,,921
43468,"XIRU: Interface de Rede Extensível para Integração de Núcleos a uma Rede-em-Chip","Vol. 21 No. 2 (2014)",2014-11-06,823,872,,872
43510,"Segurança em Redes-em-Chip:  Conceitos e Revisão do Estado da Arte","Vol. 21 No. 1 (2014)",2014-05-12,837,1268,,1268
44199,"O Teste de Mutação apoiado pelo Algoritmo Genético Coevolucionário com Classificação Genética Controlada","Vol. 21 No. 2 (2014)",2014-11-06,977,1752,,1752
46848,"Local Binary Patterns Applied to Breast Cancer Classification in Mammographies","Vol. 21 No. 2 (2014)",2014-11-06,1945,1438,1438,
47524,"Comparativo entre o algoritmo de Luhn e o algoritmo GistSumm para sumarização de documentos","Vol. 22 No. 1 (2015)",2015-05-19,2037,2086,,2086
47589,"Do multiple sclerosis lesions affect the outcome of magnetic resonance image registration?","Vol. 21 No. 2 (2014)",2014-11-06,1052,959,959,
48184,"Tutorial Sobre o Uso de Técnicas para Controle de Parâmetros em Algoritmos de Inteligência de Enxame e Computação Evolutiva","Vol. 21 No. 2 (2014)",2014-11-06,1285,1701,,1701
48395,"Reconhecimento de Padrões em Tecnologia Portável – Um Estudo de Caso","Vol. 22 No. 1 (2015)",2015-05-19,957,1274,,1274
49045,"Predição do tráfego de rede de computadores usando redes neurais tradicionais e de aprendizagem profunda","Vol. 22 No. 1 (2015)",2015-05-19,2294,2657,,2657
49242,"Predição de função de proteínas através da extração de características físico-químicas","Vol. 22 No. 1 (2015)",2015-05-19,1170,1488,,1488
49491,"SciPy and OpenCV as an interactive computing environment for computer vision","Vol. 22 No. 1 (2015)",2015-05-19,972,1911,1911,
49492,"Visual Computing and Machine Learning Techniques for Digital Forensics","Vol. 22 No. 1 (2015)",2015-05-19,1470,1185,1185,
49694,"Programação matemática e imersões métricas para aproximações em problemas de corte","Vol. 22 No. 1 (2015)",2015-05-19,1618,1067,,1067
50383,"Proof Tactics for Theorem Proving  Graph  Grammars through Rodin","Vol. 22 No. 1 (2015)",2015-05-19,815,943,943,
51121,"QJava: A Monadic Java Library for Quantum Programming","Vol. 22 No. 1 (2015)",2015-05-19,1416,1496,1496,
51452,"Deconvolução Cega Aplicada à Correção de Artefatos de Movimento em Imagens de Vídeo de Microscopia Intravital para Detecção Automática de Leucócitos","Vol. 22 No. 1 (2015)",2015-05-19,1127,1049,,1049
51756,"Software para Auxílio no Processo de Elaboração do Cariótipo","Vol. 22 No. 2 (2015)",2015-11-26,1453,4352,,4352
52511,"Coverage Criteria for Set-Based Specifications","Vol. 22 No. 2 (2015)",2015-11-26,787,1006,1006,
52609,"Identificação de Viabilidade de Leveduras Com Corante Vital Utilizando Histogramas de Palavras Visuais em Imagens Coloridas","Vol. 22 No. 2 (2015)",2015-11-26,4129,2028,,2028
52963,"Huginn for Jason: Uma arquitetura para agentes normativos","Vol. 22 No. 2 (2015)",2015-11-26,1102,1086,,1086
53120,"Abordagem Proativa para a Gestão Integrada dos Trabalhos de Projeto","Vol. 22 No. 2 (2015)",2015-11-26,2406,1933,,1933
53236,"Estudo Comparativo entre as Redes Neurais Artificiais MLP e RBF para Previsão de Cheias em Curto Prazo","Vol. 22 No. 2 (2015)",2015-11-26,1598,1354,,1354
53751,"Recuperação de modelos médicos por conteúdo usando Extrator Local de Área e Distância","Vol. 22 No. 2 (2015)",2015-11-26,948,1259,,1259
54043,"Linguagens de consulta para bases de dados em grafos: um mapeamento sistemático","Vol. 23 No. 1 (2016)",2016-05-29,1338,1779,,1779
54370,"Classificador de imagens de pulmão utilizando wavelets de Haar e distância de Mahalanobis","Vol. 22 No. 2 (2015)",2015-11-26,1077,1323,,1323
54772,"Evolução Diferencial com ensemble de Operadores de Mutação em GPGPUs para o Despacho Econômico de Energia Elétrica","Vol. 23 No. 2 (2016)",2016-12-03,1234,1449,,1449
55723,"O Potencial do Uso de Estimativas de Desempenho na Exploração de Conjuntos de Otimizações","Vol. 22 No. 2 (2015)",2015-11-26,716,779,,779
56162,"Detecção de Tubos em Imagens Radiográficas Digitais","Vol. 23 No. 1 (2016)",2016-05-29,2039,2975,,2975
56177,"Automating mobile application development: UML-based code generation for Android and Windows Phone","Vol. 22 No. 2 (2015)",2015-11-26,1626,4309,4309,
56368,"Método Sistêmico com Suporte em GORE para Análise de Conformidade de Requisitos não Funcionais Implementados em Software","Vol. 23 No. 1 (2016)",2016-05-29,1103,1276,,1276
56371,"Desenvolvimento de Aplicações Gráficas Interativas com a Unreal Engine 4","Vol. 22 No. 2 (2015)",2015-11-26,2257,4783,,4783
56374,"Uma Revisão Sobre as Publicações de Sistemas de Detecção de Intrusão","Vol. 23 No. 2 (2016)",2016-12-03,1539,1310,,1310
56384,"Programming in CUDA for Kepler and Maxwell Architecture","Vol. 22 No. 2 (2015)",2015-11-26,2155,3048,3048,
56437,"Hyperspectral Modeling of Material Appearance: General Framework, Challenges and Prospects","Vol. 22 No. 2 (2015)",2015-11-26,760,936,936,
56498,"Análise Visual utilizando Projeções Multidimensionais","Vol. 22 No. 2 (2015)",2015-11-26,1172,1241,,1241
56977,"O uso de Métodos Ágeis no ensino de Métodos Ágeis","Vol. 22 No. 2 (2015)",2015-11-26,1042,1733,,1733
58022,"Mineração em Grandes Massas de Dados Utilizando Hadoop MapReduce e Algoritmos Bio-inspirados: Uma Revisão Sistemática","Vol. 23 No. 1 (2016)",2016-05-29,1420,3731,,3731
58551,"Relação Entre o Gênero de Espectadores e o Conteúdo de Vídeos","Vol. 23 No. 1 (2016)",2016-05-29,2143,1036,,1036
59104,"Exploring the subtopic-based relationship map strategy for multi-document summarization","Vol. 23 No. 1 (2016)",2016-05-29,1332,1154,1154,
59336,"ZipfTool: Uma ferramenta bibliométrica para auxílio na pesquisa teórica","Vol. 23 No. 1 (2016)",2016-05-29,1386,2285,,2285
59614,"Paralelismo em Prolog: Conceitos e Sistemas","Vol. 23 No. 1 (2016)",2016-05-29,1271,1162,,1162
60234,"Uma contribuição ao auxíılio do diagnóstico do autismo a partir do processamento de imagens para extração de medidas antropométricas","Vol. 23 No. 2 (2016)",2016-12-03,2702,2178,,2178
60989,"Avaliação de Incisão Cirúrgica em Simuladores com Realidade Virtual","Vol. 23 No. 1 (2016)",2016-05-29,1872,1361,,1361
61220,"Método Computacional para o Diagnóstico Precoce da Granulomatose de Wegener","Vol. 23 No. 1 (2016)",2016-05-29,1099,1546,,1546
62211,"Learning to Identify At-Risk Students in Distance Education Using Interaction Counts","Vol. 23 No. 2 (2016)",2016-12-03,1149,1159,,1159
62657,"Autômatos celulares unidimensionais caóticos com borda fixa aplicados à modelagem de um sistema criptográfico para imagens digitais","Vol. 23 No. 1 (2016)",2016-05-29,1134,1365,,1365
63581,"Detecção de leucócitos em imagens de vídeo de microscopia intravital usando a técnica de congruência de fase","Vol. 23 No. 2 (2016)",2016-12-03,1353,1202,,1202
64206,"Emprego de Banco de Filtros e do Teorema de Imersão de Takens em Padrões Espaciais para a Classificação de Imagética Motora em Interfaces Cérebro-Computador","Vol. 23 No. 2 (2016)",2016-12-03,1228,827,,827
64413,"Comparando o Desempenho de Implementações de Tabelas Hash Concorrentes em Haskell","Vol. 23 No. 2 (2016)",2016-12-03,1495,965,,965
64431,"Computação na Educação Básica no Brasil: o Estado da Arte","Vol. 23 No. 2 (2016)",2016-12-03,8501,25779,,25779
65061,"Escola Gaúcha de Bioinformática 2015","Vol. 23 No. 1 (2016)",2016-05-29,547,1694,,1694
65372,"QEDS: Um Simulador Clássico para Distinção de Elementos Quântico","Vol. 23 No. 2 (2016)",2016-12-03,858,929,929,
65538,"Autômatos Celulares e Sistema Multiagente para Simulação da Propagação de Doenças","Vol. 23 No. 2 (2016)",2016-12-03,1058,1043,,1043
65827,"Comparação entre abordagens escaláveis para o processamento de conjuntos de dados textuais","Vol. 24 No. 1 (2017)",2017-08-02,2050,1119,,1119
67253,"Desenvolvimento de Interface de Usuário para a Melhoria da Consciência Situacional em Gerenciamento de Emergências","Vol. 24 No. 1 (2017)",2017-08-02,3222,1635,,1635
69309,"Uma Revisão Sistemática sobre Abordagens em Organizações Virtuais no Contexto de Confiança, Reputação e Computação em Nuvem","Vol. 24 No. 1 (2017)",2017-08-02,2854,1756,,1756
69479,"Uma Arquitetura de Software para Bibliotecas de Realidade Aumentada Baseada em Marcadores Naturais","Vol. 24 No. 1 (2017)",2017-08-02,2876,1711,,1711
71429,"Non-Cooperative Facility Location Games: a Survey","Vol. 24 No. 1 (2017)",2017-08-02,2270,920,920,
71439,"Identificação de amostras de sementes utilizando VisãoComputacional","Vol. 24 No. 1 (2017)",2017-08-02,2625,1829,,1829
71775,"Análise de desempenho de Banco de Dados Relacionais e Não Relacionais em dados genômicos","Vol. 24 No. 2 (2017)",2017-12-09,2058,3281,,3281
73173,"Estudo e Modelagem dos Efeitos da Forma e do Crescimento em Processos de Formação de Padrões de Pelagem via Reação-Difusão","Vol. 24 No. 2 (2017)",2017-12-09,890,628,,628
74030,"Sleep Stages Classification Using Spectral Based Statistical Moments as Features","Vol. 25 No. 1 (2018)",2018-02-18,2882,1117,1117,
74992,"Análise Autônoma de Investimento: Uma Abordagem Multiagente Discreta","Vol. 25 No. 1 (2018)",2018-02-18,1463,1111,,1111
75048,"Combining Artificial Intelligence, Ontology, and Frequency-based Approaches to Recommend Activities in Scientific Workflows","Vol. 25 No. 1 (2018)",2018-02-18,1374,1201,1201,
75063,"Energy Systems in Material Agent Societies","Vol. 24 No. 2 (2017)",2017-12-09,694,536,536,
75255,"Estratégias de Construções de Comitês de Classificadores Multirrótulos no Aprendizado Semissupervisionado Multidescrição","Vol. 24 No. 2 (2017)",2017-12-09,982,1040,,1040
75300,"Simulação Multiagente da Evacuação da Boate Kiss: A Importância da NBR 9.077 e sua relação com o Pânico","Vol. 24 No. 2 (2017)",2017-12-09,1087,2342,,2342
75327,"Composição de Agentes EBDI: Integração WASABI-Jason","Vol. 24 No. 2 (2017)",2017-12-09,493,678,,678
76189,"Derivation of Mean Value Coordinates Using Interior Distance and Their Application on Mesh Deformation","Vol. 25 No. 2 (2018)",2018-07-17,718,757,757,
76387,"Diagnóstico de Glaucoma Utilizando Atributos de Textura e CNN’s Pré-treinadas","Vol. 25 No. 1 (2018)",2018-02-18,1265,1162,,1162
76452,"A Multi-objective Version of the Lin-Kernighan Heuristic for the Traveling Salesman Problem","Vol. 25 No. 1 (2018)",2018-02-18,1332,1278,1278,
76460,"MeHarCEn: Um Método de Harmonização do Consumo de Energia em Data Centers","Vol. 24 No. 2 (2017)",2017-12-09,1358,692,,692
77654,"Avaliação do Intel Software Guard Extensions via Emulação","Vol. 25 No. 1 (2018)",2018-02-18,2432,1055,,1055
77994,"Virtual Reality as a Support Tool for the Treatment of People with Intellectual and Multiple Disabilities: A Systematic Literature Review","Vol. 25 No. 1 (2018)",2018-02-18,2766,2413,2413
78391,"IndoLoR -- Uma Plataforma Adaptável para Localização em Ambientes Internos","Vol. 25 No. 2 (2018)",2018-07-17,755,632,632
79152,"CoWPar: A D2D Communication Approach Without Pairing for Mobile Social Network in Proximity","Vol. 25 No. 3 (2018)",2018-09-12,935,904,904
79158,"Modelos para avaliação de disponibilidade orientada a capacidade de uma nuvem privada","Vol. 25 No. 2 (2018)",2018-07-17,1639,930,930
79310,"Video Conferencing Evaluation Considering Scalable Video Coding and SDN Network","Vol. 25 No. 2 (2018)",2018-07-17,924,789,789
79333,"A Genetic Programming Model for Association Studies to Detect Epistasis in Low Heritability Data","Vol. 25 No. 2 (2018)",2018-07-17,785,625,625
79334,"Relative Scalability of NoSQL Databases for Genotype Data Manipulation","Vol. 25 No. 2 (2018)",2018-07-17,1155,945,945
79885,"Can the Use of nonlinear Color Metrics systematically improve Segmentation?","Vol. 25 No. 3 (2018)",2018-09-12,2050,915,915
79994,"Algoritmos de Escalonamento Gangue com Estratégias de Migracão em um Ambiente MCMCA","Vol. 25 No. 2 (2018)",2018-07-17,1164,759,759
80478,"Investigation of Archiving Techniques for Evolutionary Multi-objective Optimizers","Vol. 25 No. 4 (2018)",2018-11-19,1009,799,799
80525,"Algorithms for the power-p Steiner tree problem in the Euclidean plane","Vol. 25 No. 4 (2018)",2018-11-19,1377,931,931
80557,"Um modelo computacional para a simulação de sistemas de transporte urbano","Vol. 25 No. 3 (2018)",2018-09-12,1311,1147,1147
80598,"Use of cytomorphometry for classification of subcellular patterns in 3D images","Vol. 25 No. 2 (2018)",2018-07-17,664,568,568
80702,"Extreme Learning Machine combined with a Differential Evolution algorithm for lithology identification","Vol. 25 No. 4 (2018)",2018-11-19,1617,1274,1274
80721,"Exact Algorithms for the Graph Coloring Problem","Vol. 25 No. 4 (2018)",2018-11-19,3665,5705,5705
80912,"Formal Semantics for Java-like Languages and Research Opportunities","Vol. 25 No. 3 (2018)",2018-09-12,1239,1045,1045
82043,"Performance Analysis of the Segment Transfer Rate of TCP-UEM","Vol. 26 No. 2 (2019)",2019-08-03,964,743,743
82079,"Vulnerability Identification on GNU/Linux Operating Systems through Case-Based Reasoning","Vol. 26 No. 3 (2019)",2019-11-30,1339,636,636
82395,"Haskell Type System Analysis","Vol. 25 No. 3 (2018)",2018-09-12,984,950,950
82412,"Evolutionary Models applied to Multiprocessor TaskScheduling: Serial and Multipopulation Genetic Algorithm","Vol. 26 No. 1 (2019)",2019-04-14,1146,905,905
82772,"V: a language with extensible record accessors and a trait-based type system","Vol. 25 No. 3 (2018)",2018-09-12,644,753,753
83498,"Stochastic Models for Optimizing Availability, Cost and Sustainability of Data Center Power Architectures through Genetic Algorithm","Vol. 26 No. 2 (2019)",2019-08-03,961,695,695
83581,"Use of text mining techniques for unsupervised organization of digital procedural acts","Vol. 25 No. 4 (2018)",2018-11-19,1002,810,810
84330,"An Analysis of a Real Mobility Trace Based on Standard Mobility Metrics","Vol. 26 No. 1 (2019)",2019-04-14,1017,754,754
84814,"A gene based bacterial whole genome comparison toolkit","Vol. 26 No. 1 (2019)",2019-04-14,1468,891,891
85091,"Analysis of the Performance of Genetic Algorithm Parallelized with OpenMP Through Execution Traces","Vol. 26 No. 2 (2019)",2019-08-03,649,476,476
86196,"A Taxonomy of container security on computational clouds: concerns and solutions","Vol. 26 No. 1 (2019)",2019-04-14,1541,1143,1143
86380,"OLSR Fuzzy Cost (OLSR-FC): an extension to OLSR protocol based on fuzzy logic and applied to avoid selfish nodes","Vol. 26 No. 1 (2019)",2019-04-14,1519,1167,1167
86439,"A Model for the Diffusive Filling-In Algorithm Operating in Spike Mode","Vol. 26 No. 3 (2019)",2019-11-30,409,296,296
86478,"Virtual Reality-based Training for the Motor Developmentof People With Intellectual and Multiple Disabilities","Vol. 26 No. 3 (2019)",2019-11-30,839,620,620
86534,"Elementary Economic Systems in Material Agent Societies","Vol. 26 No. 2 (2019)",2019-08-03,530,438,438
87085,"Data Fusion through Fuzzy-Bayesian Networks for Belief Generation in Cognitive Agents","Vol. 26 No. 2 (2019)",2019-08-03,804,627,627
87511,"A Strategy for Performance Evaluation and Modeling of Cloud Computing Services","Vol. 26 No. 1 (2019)",2019-04-14,1300,857,857
88822,"Evaluating the impact of maintenance policies associated to SLA contracts on the dependability of data centers electrical infrastructures","Vol. 27 No. 1 (2020)",2020-01-15,940,781,781
88911,"Hybrid Neural Networks Applied to Brazilian Stock Market","Vol. 27 No. 2 (2020)",2020-04-27,995,699,699
89063,"Biclustering and coclustering: concepts, algorithms and viability for text mining","Vol. 26 No. 2 (2019)",2019-08-03,2392,1060,1060
89115,"PHOC Descriptor Applied for Mammography Classification","Vol. 27 No. 1 (2020)",2020-01-15,743,591,591
90724,"BeeNotified! A Notification System of Physical Quantities for Beehives Remote Monitoring","Vol. 27 No. 3 (2020)",2020-06-18,1534,969,969
90822,"An Online Tree-Based Approach for Mining Non-Stationary High-Speed Data Streams","Vol. 27 No. 1 (2020)",2020-01-15,707,557,557
91414,"Group Labeling Methodology Using Distance-based Data Grouping Algorithms","Vol. 27 No. 1 (2020)",2020-01-15,983,593,593
91522,"Road Surface Classification with Images Captured From Low-cost Camera - Road Traversing Knowledge (RTK) Dataset","Vol. 26 No. 3 (2019)",2019-11-30,2938,1817,1817
91814,"Models to evaluate service Provisioning over Cloud Computing Environments - A Blockchain-As-A-Service case study","Vol. 26 No. 3 (2019)",2019-11-30,810,643,643
92117,"SafeFollowing: A collaborative model for public security agents to assist people with disabilities and the elderly","Vol. 26 No. 3 (2019)",2019-11-30,898,452,452
92406,"A Computational Strategy for Classification of Enem Issues Based on Item Response Theory","Vol. 27 No. 1 (2020)",2020-01-15,962,1473,1473
92486,"HICOLM: High-Performance Platform of Physical Simulations by Using Low Computational Cost Methods","Vol. 26 No. 3 (2019)",2019-11-30,599,445,445
93733,"Traveling Salesman Problem with Optional Bonus Collection, Pickup Time and Passengers","Vol. 27 No. 1 (2020)",2020-01-15,973,730,730
94016,"Performability Evaluation of Voice Services in Converged Networks","Vol. 27 No. 4 (2020)",2020-12-23,635,634,634
94082,"Prize Collecting Traveling Salesman Problem with Ridesharing","Vol. 27 No. 2 (2020)",2020-04-27,977,690,690
94235,"WebGIS development for base flow separation and recharge estimation","Vol. 27 No. 3 (2020)",2020-06-18,1254,872,872
94319,"Water Resources Analysis: An Approach based on Agent-Based Modeling","Vol. 27 No. 2 (2020)",2020-04-27,1110,764,764
94845,"Effects of reward distribution strategies and perseverance profiles on agent-based coalitions dynamics","Vol. 27 No. 2 (2020)",2020-04-27,631,444,444
95095,"Mosaik and PADE: Multiagents and Co-simulation for smart grids modeling","Vol. 27 No. 2 (2020)",2020-04-27,1099,906,906
96081,"Unsupervised Feature Selection Methodology for Clustering in High Dimensionality Datasets","Vol. 27 No. 2 (2020)",2020-04-27,1472,839,839
96181,"Studying the Performance of Cognitive Models in Time Series Forecasting","Vol. 27 No. 1 (2020)",2020-01-15,845,573,573
97411,"Arisa Nest – A Cloud-Based Platform for Development of Virtual Assistant","Vol. 27 No. 2 (2020)",2020-04-27,984,664,664
97479,"Reactive multi-agent system applied to self-healing in Smart Grids","Vol. 27 No. 2 (2020)",2020-04-27,836,503,503
97835,"Comparison of Classical Computer Vision vs. Convolutional Neural Networks for Weed Mapping in Aerial Images","Vol. 27 No. 4 (2020)",2020-12-23,1239,821,821
98203,"Scrumie: Scrum Teaching Agent Oriented Game","Vol. 27 No. 2 (2020)",2020-04-27,1526,1137,1137
98362,"Int-FLBCC: Model for Load Balancing in Cloud Computing using Fuzzy Logic Type-2 and Admissible Orders.","Vol. 27 No. 3 (2020)",2020-06-18,1129,740,740
98367,"Similar Yet Different: the Structure of Social Networks of Characters in Seinfeld, Friends, How I met Your Mother, and The Big Bang Theory","Vol. 27 No. 2 (2020)",2020-04-27,1786,1163,1163
98369,"DenseNet-DC: Optimizing DenseNet Parameters Through Feature Map Generation Control","Vol. 27 No. 3 (2020)",2020-06-18,991,715,715
98483,"Reasoning about Partial Correctness Assertions in Isabelle/HOL","Vol. 27 No. 3 (2020)",2020-06-18,824,1032,1032
98904,"Experiments on Model-Based Software Energy Consumption Analysis Involving Sorting Algorithms","Vol. 27 No. 3 (2020)",2020-06-18,1377,785,785
99849,"Automatic identification of knowledge related to dengue cases in the state of Piauí in public databases using Filtered-Association Rules Networks","Vol. 27 No. 3 (2020)",2020-06-18,1135,772,772
100968,"A Mechanized Proof of a Textbook Type Unification Algorithm","Vol. 27 No. 3 (2020)",2020-06-18,1442,1166,1166
102061,"A New Artificial Immune System Based on Continuous Learning for Pattern Recognition","Vol. 27 No. 4 (2020)",2020-12-23,563,475,475
103182,"Low-Latency f0 Estimation for the Finger Plucked Electric Bass Guitar Using the Absolute Difference Function","Vol. 27 No. 4 (2020)",2020-12-23,625,580,580
104342,"Creating Digital Musical Instruments with libmosaic-sound and Mosaicode","Vol. 27 No. 4 (2020)",2020-12-23,580,486,486
105893,"Overload Control in a Token Player for a Fuzzy Workflow Management System","Vol. 28 No. 1 (2021)",2021-01-19,1154,800,800
106277,"An operational support approach for Mining Unstructured Business Processes","Vol. 28 No. 1 (2021)",2021-01-19,1253,772,772
106794,"Cloud infrastructure for HPC investment analysis","Vol. 27 No. 4 (2020)",2020-12-23,645,849,849
106828,"Business Process Models in the Context of Predictive Process Monitoring","Vol. 28 No. 1 (2021)",2021-01-19,901,819,819
106891,"Integrating Exploitative and Explorative Thinking in Business Process Analysis: A Conceptual Model and Method","Vol. 28 No. 1 (2021)",2021-01-19,1089,715,715
107021,"A Model for Predicting Music Popularity on Streaming Platforms","Vol. 27 No. 4 (2020)",2020-12-23,1368,3035,3035
107041,"An Agent-Based Model for Simulating Irrigated Agriculture in the Samambaia Basin in Goiás","Vol. 28 No. 2 (2021)",2021-08-29,883,983,983
107128,"Hash Tables for a Digital Lexicon","Vol. 28 No. 2 (2021)",2021-08-29,869,801,801
107149,"System for Identifying Pests and Diseases in Soybean Crop through Natural Language Processing","Vol. 29 No. 1 (2022)",2022-01-11,426,295,295
107154,"Centralized Algorithms Based on Clustering with Self-tuning of Parameters for Cooperative Target Observation","Vol. 28 No. 2 (2021)",2021-08-29,769,416,416
107176,"Dimensioning the relationship between availability and data center energy flow metrics","Vol. 27 No. 4 (2020)",2020-12-23,731,476,476
107202,"Iracema: a Python library for audio content analysis","Vol. 27 No. 4 (2020)",2020-12-23,1036,715,715
107292,"Challenges and Perspectives on Real-time Singing Voice Synthesis","Vol. 27 No. 4 (2020)",2020-12-23,847,672,672
107478,"Optimization Inspired on Herd Immunity Applied to Non-Hierarchical Grouping of Objects","Vol. 28 No. 2 (2021)",2021-08-29,932,506,506
107748,"Co-creating Service-Dominant Business Artifacts with Action Design Research: Towards Ambidextrous Business Process Management","Vol. 28 No. 1 (2021)",2021-01-19,1859,922,922
107964,"The Explainable Business Process (XBP) - An Exploratory Research","Vol. 28 No. 1 (2021)",2021-01-19,1185,751,751
108126,"Classification Based on Rules for the Study of Cotton Productivity in the State of Mato Grosso","Vol. 28 No. 2 (2021)",2021-08-29,1769,700,700
110015,"Using the Myers-Briggs Type Indicator (MBTI) for Modeling Multiagent Systems","Vol. 29 No. 1 (2022)",2022-01-11,1069,915,915
110111,"A Novel Approach to the Measurement of Bourdieusian Social Capital within Institutional Pages and Profiles","Vol. 29 No. 1 (2022)",2022-01-11,407,297,297
110818,"An Adaptive Trust Model Based on Fuzzy Logic","Vol. 29 No. 1 (2022)",2022-01-11,335,233,233
110830,"A Conceptual Model for Situating Purposes in Artificial Institutions","Vol. 29 No. 1 (2022)",2022-01-11,257,193,193
110837,"Integrating Embedded Multiagent Systems with Urban Simulation Tools and IoT Applications","Vol. 29 No. 1 (2022)",2022-01-11,470,341,341
111817,"Towards Causal Effect Estimation of Emotional Labeling of Watched Videos","Vol. 29 No. 2 (2022)",2022-05-16,291,230,230
111993,"Ab Initio Protein Structure Prediction Using Evolutionary Approach: A Survey","Vol. 28 No. 2 (2021)",2021-08-29,1792,1151,1151
112006,"The Notification Oriented Paradigm Language to Digital Hardware as an Intuitive High-level Synthesis Tool","Vol. 28 No. 2 (2021)",2021-08-29,1163,606,606
112813,"A Review of Testbeds on SCADA Systems with Malware Analysis","Vol. 29 No. 2 (2022)",2022-05-16,476,367,367
116017,"Evaluating the Causal Effect of Multimedia and Affective Temperament in Felt Emotion and Liking","Vol. 29 No. 2 (2022)",2022-05-16,340,218,218
116606,"Contributions on Computer Music from the SBCM 2019","Vol. 27 No. 4 (2020)",2020-12-23,446,199,199
117481,"Exploring Supervised Techniques for Automated Recognition of Intention Classes from Portuguese Free Texts on Agriculture","Vol. 29 No. 2 (2022)",2022-05-16,277,245,245
118372,"Building Contrastive Summaries of Subjective Text Via Opinion Ranking","Vol. 29 No. 2 (2022)",2022-05-16,355,366,366
119164,"SSM: A Semantic Metasearch Platform for Scientific Data retrieval","Vol. 29 No. 1 (2022)",2022-01-11,348,234,234
119196,"Stochastic Models for Planning VLE Moodle Environments based on Containers and Virtual Machines","Vol. 29 No. 2 (2022)",2022-05-16,277,244,244
119207,"Efficient Breast Cancer Classification Using Histopathological Images and a Simple VGG","Vol. 29 No. 1 (2022)",2022-01-11,487,270,270
120399,"Application of Profile Prediction for Proactive Scheduling","Vol. 29 No. 3 (2022)",2022-12-28,130,121,121
121388,"Optimal Control and Adaptive Learning for Stabilization of a Quadrotor-type Unmanned Aerial Vehicle via Approximate Dynamic Programming","Vol. 29 No. 3 (2022)",2022-12-28,147,130,130
121425,"SEGBEE: Mobile Application for Honey Segmentation in Apiary Boards","Vol. 29 No. 3 (2022)",2022-12-28,104,111,111
122929,"Multi-Objective, Multi-Armed Bandits: Algorithms for Repeated Games and Application to Route Choice","Vol. 30 No. 1 (2023)",2023-01-30,339,355,355
124564,"Neural Classification of Rotor Faults in Three-Phase Induction Motors using Electric Current Signals in the Frequency Domain","Vol. 30 No. 1 (2023)",2023-01-30,229,226,226
125288,"Optimization Inspired by the Organization of Interiors Applied to Cluster Analysis","Vol. 30 No. 2 (2023)",2023-10-05,36,14,14
125396,"Comparative Analysis of Blockchain-Based Platforms for Managing Electronic Health Records in the Public Healthcare System of Brazil","Vol. 29 No. 3 (2022)",2022-12-28,343,229,229
125567,"Performance Assessment of a Wireless Mesh Network for Post-harvest Food Quality Traceability of Fruit Products: A Case Study","Vol. 30 No. 1 (2023)",2023-01-30,203,135,135
125825,"Chatbot Optimization using Sentiment Analysis and Timeline Navigation","Vol. 30 No. 1 (2023)",2023-01-30,493,369,369
126016,"COVID-19 Detection Using Forced Cough Sounds and Medical Information","Vol. 30 No. 1 (2023)",2023-01-30,194,214,214
126309,"Autism Spectrum Disorder Diagnosis Assistance using Machine Learning","Vol. 29 No. 3 (2022)",2022-12-28,306,247,247
126544,"Provision and Collection of Safety Evidence: A Systematic Literature Review","Vol. 30 No. 2 (2023)",2023-10-05,43,20,20
127207,"Livestock Monitoring Prototype Implementation and Validation","Vol. 30 No. 1 (2023)",2023-01-30,360,205,205
128836,"Catboost Algorithm Application in Legal Texts and UN 2030 Agenda","Vol. 30 No. 2 (2023)",2023-10-05,61,16,16
129783,"The Use of Technology in the Diagnosis and Treatment of Epilepsy: Trends and Open Issues","Vol. 30 No. 2 (2023)",2023-10-05,112,49,49
129787,"Road Pavement Damage Detection using Computer Vision Techniques: Approaches, Challenges and Opportunities","Vol. 30 No. 2 (2023)",2023-10-05,91,39,39
129990,"Evaluation of the Relationship Between the Age of the Patient and the Mandibular Trabecular Bone Structure Through Dental Cone Beam Tomographic Images by Means of a Convolutional Neural Network","Vol. 30 No. 2 (2023)",2023-10-05,46,31,31
130669,"Machine Learning Algorithms for Peripheral Blood Cell Classification - A Hemovision Project Experience","Vol. 30 No. 2 (2023)",2023-10-05,17,13,13
